{
    "year": 2007,
    "title": "Blind channel identification for speech dereverberation using l1-norm sparse learning",
    "authors": [
        "Yuanqing Lin",
        "Jingdong Chen",
        "Youngmoo Kim",
        "Daniel Lee"
    ],
    "abstract": "Speech dereverberation remains an open problem after more than three decades of research. The most challenging step in speech dereverberation is blind chan- nel identi\ufb01cation (BCI). Although many BCI approaches have been developed, their performance is still far from satisfactory for practical applications. The main dif\ufb01culty in BCI lies in \ufb01nding an appropriate acoustic model, which not only can effectively resolve solution degeneracies due to the lack of knowledge of the source, but also robustly models real acoustic environments. This paper proposes a sparse acoustic room impulse response (RIR) model for BCI, that is, an acous- tic RIR can be modeled by a sparse FIR \ufb01lter. Under this model, we show how to formulate the BCI of a single-input multiple-output (SIMO) system into a l1- norm regularized least squares (LS) problem, which is convex and can be solved ef\ufb01ciently with guaranteed global convergence. The sparseness of solutions is controlled by l1-norm regularization parameters. We propose a sparse learning scheme that infers the optimal l1-norm regularization parameters directly from microphone observations under a Bayesian framework. Our results show that the proposed approach is effective and robust, and it yields source estimates in real acoustic environments with high \ufb01delity to anechoic chamber measurements.",
    "pdf_url": "https://papers.nips.cc/paper_files/paper/2007/file/da8ce53cf0240070ce6c69c48cd588ee-Paper.pdf",
    "paper_url": "https://papers.nips.cc/paper_files/paper/2007/hash/da8ce53cf0240070ce6c69c48cd588ee-Abstract.html"
}