{
    "year": 2007,
    "title": "The Tradeoffs of Large Scale Learning",
    "authors": [
        "L\u00e9on Bottou",
        "Olivier Bousquet"
    ],
    "abstract": "This contribution develops a theoretical framework that takes into account the effect of approximate optimization on learning algorithms. The analysis shows distinct tradeoffs for the case of small-scale and large-scale learning problems. Small-scale learning problems are subject to the usual approximation--estimation tradeoff. Large-scale learning problems are subject to a qualitatively different tradeoff involving the computational complexity of the underlying optimization algorithms in non-trivial ways.",
    "pdf_url": "https://papers.nips.cc/paper_files/paper/2007/file/0d3180d672e08b4c5312dcdafdf6ef36-Paper.pdf",
    "paper_url": "https://papers.nips.cc/paper_files/paper/2007/hash/0d3180d672e08b4c5312dcdafdf6ef36-Abstract.html"
}