{
    "year": 2007,
    "title": "Learning and using relational theories",
    "authors": [
        "Charles Kemp",
        "Noah Goodman",
        "Joshua Tenenbaum"
    ],
    "abstract": "Much of human knowledge is organized into sophisticated systems that are often called intuitive theories. We propose that intuitive theories are mentally repre- sented in a logical language, and that the subjective complexity of a theory is determined by the length of its representation in this language. This complexity measure helps to explain how theories are learned from relational data, and how they support inductive inferences about unobserved relations. We describe two experiments that test our approach, and show that it provides a better account of human learning and reasoning than an approach developed by Goodman [1].What is a theory, and what makes one theory better than another? Questions like these are of obvious interest to philosophers of science but are also discussed by psychologists, who have argued that everyday knowledge is organized into rich and complex systems that are similar in many respects to scienti\ufb01c theories. Even young children, for instance, have systematic beliefs about domains including folk physics, folk biology, and folk psychology [2]. Intuitive theories like these play many of the same roles as scienti\ufb01c theories: in particular, both kinds of theories are used to explain and encode observations of the world, and to predict future observations. This paper explores the nature, use and acquisition of simple theories. Consider, for instance, an anthropologist who has just begun to study the social structure of a remote tribe, and observes that certain words are used to indicate relationships between selected pairs of individuals. Suppose that term T1(\u00b7, \u00b7) can be glossed as ancestor(\u00b7, \u00b7), and that T2(\u00b7, \u00b7) can be glossed as friend(\u00b7, \u00b7). The anthropologist might discover that the \ufb01rst term is transitive, and that the second term is symmetric with a few exceptions. Suppose that term T3(\u00b7, \u00b7) can be glossed as defers to(\u00b7, \u00b7), and that the tribe divides into two castes such that members of the second caste defer to members of the \ufb01rst caste. In this case the anthropologist might discover two latent concepts (caste 1(\u00b7) and caste 2(\u00b7)) along with the relationship between these concepts. As these examples suggest, a theory can be de\ufb01ned as a system of laws and concepts that specify the relationships between the elements in some domain [2]. We will consider how these theories are learned, how they are used to encode relational data, and how they support predictions about unob- served relations. Our approach to all three problems relies on the notion of subjective complexity. We propose that theory learners prefer simple theories, that people remember relational data in terms of the simplest underlying theory, and that people extend a partially observed data set according to the simplest theory that is consistent with their observations. There is no guarantee that a single measure of subjective complexity can do all of the work that we require [3]. This paper, however, explores the strong hypothesis that a single measure will suf\ufb01ce. Our formal treatment of subjective complexity begins with the question of how theories are mentally represented. We suggest that theories are represented in some logical language, and propose a spe- ci\ufb01c \ufb01rst-order language that serves as a hypothesis about the \u201clanguage of thought.\u201d We then pursue the idea that the subjective complexity of a theory corresponds to the length of its representation in this language. Our approach therefore builds on the work of Feldman [4], and is related to other psychological applications of the notion of Kolmogorov complexity [5]. The complexity measure we describe can be used to de\ufb01ne a probability distribution over a space of theories, and we develop a model of theory acquisition by using this distribution as the prior for a Bayesian learner. We also",
    "pdf_url": "https://papers.nips.cc/paper_files/paper/2007/file/b0ab42fcb7133122b38521d13da7120b-Paper.pdf",
    "paper_url": "https://papers.nips.cc/paper_files/paper/2007/hash/b0ab42fcb7133122b38521d13da7120b-Abstract.html"
}