{
    "year": 2007,
    "title": "Measuring Neural Synchrony by Message Passing",
    "authors": [
        "Justin Dauwels",
        "Fran\u00e7ois Vialatte",
        "Tomasz Rutkowski",
        "Andrzej Cichocki"
    ],
    "abstract": "A novel approach to measure the interdependence of two time series is proposed, referred to as \u201cstochastic event synchrony\u201d (SES); it quanti\ufb01es the alignment of two point processes by means of the following parameters: time delay, variance of the timing jitter, fraction of \u201cspurious\u201d events, and average similarity of events. SES may be applied to generic one-dimensional and multi-dimensional point pro- cesses, however, the paper mainly focusses on point processes in time-frequency domain. The average event similarity is in that case described by two parameters: the average frequency offset between events in the time-frequency plane, and the variance of the frequency offset (\u201cfrequency jitter\u201d); SES then consists of \ufb01ve pa- rameters in total. Those parameters quantify the synchrony of oscillatory events, and hence, they provide an alternative to existing synchrony measures that quan- tify amplitude or phase synchrony. The pairwise alignment of point processes is cast as a statistical inference problem, which is solved by applying the max- product algorithm on a graphical model. The SES parameters are determined from the resulting pairwise alignment by maximum a posteriori (MAP) estimation. The proposed interdependence measure is applied to the problem of detecting anoma- lies in EEG synchrony of Mild Cognitive Impairment (MCI) patients; the results indicate that SES signi\ufb01cantly improves the sensitivity of EEG in detecting MCI.",
    "pdf_url": "https://papers.nips.cc/paper_files/paper/2007/file/cbcb58ac2e496207586df2854b17995f-Paper.pdf",
    "paper_url": "https://papers.nips.cc/paper_files/paper/2007/hash/cbcb58ac2e496207586df2854b17995f-Abstract.html"
}