{
    "year": 2007,
    "title": "Collective Inference on Markov Models for Modeling Bird Migration",
    "authors": [
        "M.a. Elmohamed",
        "Dexter Kozen",
        "Daniel R. Sheldon"
    ],
    "abstract": "We investigate a family of inference problems on Markov models, where many sample paths are drawn from a Markov chain and partial information is revealed to an observer who attempts to reconstruct the sample paths. We present algo- rithms and hardness results for several variants of this problem which arise by re- vealing different information to the observer and imposing different requirements for the reconstruction of sample paths. Our algorithms are analogous to the clas- sical Viterbi algorithm for Hidden Markov Models, which \ufb01nds the single most probable sample path given a sequence of observations. Our work is motivated by an important application in ecology: inferring bird migration paths from a large database of observations.",
    "pdf_url": "https://papers.nips.cc/paper_files/paper/2007/file/69421f032498c97020180038fddb8e24-Paper.pdf",
    "paper_url": "https://papers.nips.cc/paper_files/paper/2007/hash/69421f032498c97020180038fddb8e24-Abstract.html"
}