{
    "year": 2007,
    "title": "An online Hebbian learning rule that performs Independent Component Analysis",
    "authors": [
        "Claudia Clopath",
        "Andr\u00e9 Longtin",
        "Wulfram Gerstner"
    ],
    "abstract": "Independent component analysis (ICA) is a powerful method to decouple signals. Most of the algorithms performing ICA do not consider the temporal correlations of the signal, but only higher moments of its amplitude distribution. Moreover, they require some preprocessing of the data (whitening) so as to remove second order correlations. In this paper, we are interested in understanding the neural mechanism responsible for solving ICA. We present an online learning rule that exploits delayed correlations in the input. This rule performs ICA by detecting joint variations in the firing rates of pre- and postsynaptic neurons, similar to a local rate-based Hebbian learning rule.",
    "pdf_url": "https://papers.nips.cc/paper_files/paper/2007/file/149e9677a5989fd342ae44213df68868-Paper.pdf",
    "paper_url": "https://papers.nips.cc/paper_files/paper/2007/hash/149e9677a5989fd342ae44213df68868-Abstract.html"
}