{
    "year": 2007,
    "title": "Random Projections for Manifold Learning",
    "authors": [
        "Chinmay Hegde",
        "Michael Wakin",
        "Richard Baraniuk"
    ],
    "abstract": "We propose a novel method for {\\em linear} dimensionality reduction of manifold modeled data. First, we show that with a small number $M$ of {\\em random projections} of sample points in $\\reals^N$ belonging to an unknown $K$-dimensional Euclidean manifold, the intrinsic dimension (ID) of the sample set can be estimated to high accuracy. Second, we rigorously prove that using only this set of random projections, we can estimate the structure of the underlying manifold. In both cases, the number random projections required is linear in $K$ and logarithmic in $N$, meaning that $K",
    "pdf_url": "https://papers.nips.cc/paper_files/paper/2007/file/1e6e0a04d20f50967c64dac2d639a577-Paper.pdf",
    "paper_url": "https://papers.nips.cc/paper_files/paper/2007/hash/1e6e0a04d20f50967c64dac2d639a577-Abstract.html"
}