{
    "year": 2007,
    "title": "Loop Series and Bethe Variational Bounds in Attractive Graphical Models",
    "authors": [
        "Alan Willsky",
        "Erik Sudderth",
        "Martin J. Wainwright"
    ],
    "abstract": "Variational methods are frequently used to approximate or bound the partition or likelihood function of a Markov random field. Methods based on mean field theory are guaranteed to provide lower bounds, whereas certain types of convex relaxations provide upper bounds. In general, loopy belief propagation (BP) provides (often accurate) approximations, but not bounds. We prove that for a class of attractive binary models, the value specified by any fixed point of loopy BP always provides a lower bound on the true likelihood. Empirically, this bound is much better than the naive mean field bound, and requires no further work than running BP. We establish these lower bounds using a loop series expansion due to Chertkov and Chernyak, which we show can be derived as a consequence of the tree reparameterization characterization of BP fixed points.",
    "pdf_url": "https://papers.nips.cc/paper_files/paper/2007/file/062ddb6c727310e76b6200b7c71f63b5-Paper.pdf",
    "paper_url": "https://papers.nips.cc/paper_files/paper/2007/hash/062ddb6c727310e76b6200b7c71f63b5-Abstract.html"
}