{
    "year": 2007,
    "title": "Bundle Methods for Machine Learning",
    "authors": [
        "Quoc Le",
        "Alex Smola",
        "S.v.n. Vishwanathan"
    ],
    "abstract": "We present a globally convergent method for regularized risk minimization prob- lems. Our method applies to Support Vector estimation, regression, Gaussian Processes, and any other regularized risk minimization setting which leads to a convex optimization problem. SVMPerf can be shown to be a special case of our approach. In addition to the uni\ufb01ed framework we present tight convergence bounds, which show that our algorithm converges in O(1/\u0001) steps to \u0001 precision for general convex problems and in O(log(1/\u0001)) steps for continuously differen- tiable problems. We demonstrate in experiments the performance of our approach.",
    "pdf_url": "https://papers.nips.cc/paper_files/paper/2007/file/26337353b7962f533d78c762373b3318-Paper.pdf",
    "paper_url": "https://papers.nips.cc/paper_files/paper/2007/hash/26337353b7962f533d78c762373b3318-Abstract.html"
}