{
    "year": 2007,
    "title": "Bayesian Agglomerative Clustering with Coalescents",
    "authors": [
        "Yee Teh",
        "Hal Daume III",
        "Daniel M. Roy"
    ],
    "abstract": "We introduce a new Bayesian model for hierarchical clustering based on a prior over trees called Kingman\u2019s coalescent. We develop novel greedy and sequential Monte Carlo inferences which operate in a bottom-up agglomerative fashion. We show experimentally the superiority of our algorithms over the state-of-the-art, and demonstrate our approach in document clustering and phylolinguistics.",
    "pdf_url": "https://papers.nips.cc/paper_files/paper/2007/file/2ca65f58e35d9ad45bf7f3ae5cfd08f1-Paper.pdf",
    "paper_url": "https://papers.nips.cc/paper_files/paper/2007/hash/2ca65f58e35d9ad45bf7f3ae5cfd08f1-Abstract.html"
}