{
    "year": 2007,
    "title": "Optimal models of sound localization by barn owls",
    "authors": [
        "Brian Fischer"
    ],
    "abstract": "Sound localization by barn owls is commonly modeled as a matching procedure where localization cues derived from auditory inputs are compared to stored templates. While the matching models can explain properties of neural responses, no model explains how the owl resolves spatial ambiguity in the localization cues to produce accurate localization near the center of gaze. Here, we examine two models for the barn owl's sound localization behavior. First, we consider a maximum likelihood estimator in order to further evaluate the cue matching model. Second, we consider a maximum a posteriori estimator to test if a Bayesian model with a prior that emphasizes directions near the center of gaze can reproduce the owl's localization behavior. We show that the maximum likelihood estimator can not reproduce the owl's behavior, while the maximum a posteriori estimator is able to match the behavior. This result suggests that the standard cue matching model will not be sufficient to explain sound localization behavior in the barn owl. The Bayesian model provides a new framework for analyzing sound localization in the barn owl and leads to predictions about the owl's localization behavior.",
    "pdf_url": "https://papers.nips.cc/paper_files/paper/2007/file/a5771bce93e200c36f7cd9dfd0e5deaa-Paper.pdf",
    "paper_url": "https://papers.nips.cc/paper_files/paper/2007/hash/a5771bce93e200c36f7cd9dfd0e5deaa-Abstract.html"
}