{
    "year": 2007,
    "title": "Cluster Stability for Finite Samples",
    "authors": [
        "Ohad Shamir",
        "Naftali Tishby"
    ],
    "abstract": "Over the past few years, the notion of stability in data clustering has received growing attention as a cluster validation criterion in a sample-based framework. However, recent work has shown that as the sample size increases, any clustering model will usually become asymptotically stable. This led to the conclusion that stability is lacking as a theoretical and practical tool. The discrepancy between this conclusion and the success of stability in practice has remained an open ques- tion, which we attempt to address. Our theoretical approach is that stability, as used by cluster validation algorithms, is similar in certain respects to measures of generalization in a model-selection framework. In such cases, the model cho- sen governs the convergence rate of generalization bounds. By arguing that these rates are more important than the sample size, we are led to the prediction that stability-based cluster validation algorithms should not degrade with increasing sample size, despite the asymptotic universal stability. This prediction is substan- tiated by a theoretical analysis as well as some empirical results. We conclude that stability remains a meaningful cluster validation criterion over \ufb01nite samples.",
    "pdf_url": "https://papers.nips.cc/paper_files/paper/2007/file/812b4ba287f5ee0bc9d43bbf5bbe87fb-Paper.pdf",
    "paper_url": "https://papers.nips.cc/paper_files/paper/2007/hash/812b4ba287f5ee0bc9d43bbf5bbe87fb-Abstract.html"
}