{
    "year": 2007,
    "title": "Using Deep Belief Nets to Learn Covariance Kernels for Gaussian Processes",
    "authors": [
        "Geoffrey E. Hinton",
        "Russ R. Salakhutdinov"
    ],
    "abstract": "We show how to use unlabeled data and a deep belief net (DBN) to learn a good covariance kernel for a Gaussian process. We first learn a deep generative model of the unlabeled data using the fast, greedy algorithm introduced by Hinton et.al. If the data is high-dimensional and highly-structured, a Gaussian kernel applied to the top layer of features in the DBN works much better than a similar kernel applied to the raw input. Performance at both regression and classification can then be further improved by using backpropagation through the DBN to discriminatively fine-tune the covariance kernel.",
    "pdf_url": "https://papers.nips.cc/paper_files/paper/2007/file/4b6538a44a1dfdc2b83477cd76dee98e-Paper.pdf",
    "paper_url": "https://papers.nips.cc/paper_files/paper/2007/hash/4b6538a44a1dfdc2b83477cd76dee98e-Abstract.html"
}