{
    "year": 2007,
    "title": "Regret Minimization in Games with Incomplete Information",
    "authors": [
        "Martin Zinkevich",
        "Michael Johanson",
        "Michael Bowling",
        "Carmelo Piccione"
    ],
    "abstract": "Extensive games are a powerful model of multiagent decision-making scenarios with incomplete information. Finding a Nash equilibrium for very large instances of these games has received a great deal of recent attention. In this paper, we describe a new technique for solving large games based on regret minimization. In particular, we introduce the notion of counterfactual regret, which exploits the degree of incomplete information in an extensive game. We show how minimizing counterfactual regret minimizes overall regret, and therefore in self-play can be used to compute a Nash equilibrium. We demonstrate this technique in the domain of poker, showing we can solve abstractions of limit Texas Hold\u2019em with as many as 1012 states, two orders of magnitude larger than previous methods.",
    "pdf_url": "https://papers.nips.cc/paper_files/paper/2007/file/08d98638c6fcd194a4b1e6992063e944-Paper.pdf",
    "paper_url": "https://papers.nips.cc/paper_files/paper/2007/hash/08d98638c6fcd194a4b1e6992063e944-Abstract.html"
}