{
    "year": 2007,
    "title": "Catching Up Faster in Bayesian Model Selection and Model Averaging",
    "authors": [
        "Tim Erven",
        "Steven Rooij",
        "Peter Gr\u00fcnwald"
    ],
    "abstract": "Bayesian model averaging, model selection and their approximations such as BIC are generally statistically consistent, but sometimes achieve slower rates of con- vergence than other methods such as AIC and leave-one-out cross-validation. On the other hand, these other methods can be inconsistent. We identify the catch-up phenomenon as a novel explanation for the slow convergence of Bayesian meth- ods. Based on this analysis we de\ufb01ne the switch-distribution, a modi\ufb01cation of the Bayesian model averaging distribution. We prove that in many situations model selection and prediction based on the switch-distribution is both consistent and achieves optimal convergence rates, thereby resolving the AIC-BIC dilemma. The method is practical; we give an ef\ufb01cient algorithm.",
    "pdf_url": "https://papers.nips.cc/paper_files/paper/2007/file/2823f4797102ce1a1aec05359cc16dd9-Paper.pdf",
    "paper_url": "https://papers.nips.cc/paper_files/paper/2007/hash/2823f4797102ce1a1aec05359cc16dd9-Abstract.html"
}