{
    "year": 2007,
    "title": "FilterBoost: Regression and Classification on Large Datasets",
    "authors": [
        "Joseph K. Bradley",
        "Robert E. Schapire"
    ],
    "abstract": "We study boosting in the \ufb01ltering setting, where the booster draws examples from an oracle instead of using a \ufb01xed training set and so may train ef\ufb01ciently on very large datasets. Our algorithm, which is based on a logistic regression technique proposed by Collins, Schapire, & Singer, requires fewer assumptions to achieve bounds equivalent to or better than previous work. Moreover, we give the \ufb01rst proof that the algorithm of Collins et al. is a strong PAC learner, albeit within the \ufb01ltering setting. Our proofs demonstrate the algorithm\u2019s strong theoretical proper- ties for both classi\ufb01cation and conditional probability estimation, and we validate these results through extensive experiments. Empirically, our algorithm proves more robust to noise and over\ufb01tting than batch boosters in conditional probability estimation and proves competitive in classi\ufb01cation.",
    "pdf_url": "https://papers.nips.cc/paper_files/paper/2007/file/072b030ba126b2f4b2374f342be9ed44-Paper.pdf",
    "paper_url": "https://papers.nips.cc/paper_files/paper/2007/hash/072b030ba126b2f4b2374f342be9ed44-Abstract.html"
}