{
    "year": 2007,
    "title": "Iterative Non-linear Dimensionality Reduction with Manifold Sculpting",
    "authors": [
        "Michael Gashler",
        "Dan Ventura",
        "Tony Martinez"
    ],
    "abstract": "Many algorithms have been recently developed for reducing dimensionality by projecting data onto an intrinsic non-linear manifold. Unfortunately, existing algo- rithms often lose signi\ufb01cant precision in this transformation. Manifold Sculpting is a new algorithm that iteratively reduces dimensionality by simulating surface tension in local neighborhoods. We present several experiments that show Man- ifold Sculpting yields more accurate results than existing algorithms with both generated and natural data-sets. Manifold Sculpting is also able to bene\ufb01t from both prior dimensionality reduction efforts.",
    "pdf_url": "https://papers.nips.cc/paper_files/paper/2007/file/c06d06da9666a219db15cf575aff2824-Paper.pdf",
    "paper_url": "https://papers.nips.cc/paper_files/paper/2007/hash/c06d06da9666a219db15cf575aff2824-Abstract.html"
}