{
    "year": 2007,
    "title": "Estimating divergence functionals and the likelihood ratio by penalized convex risk minimization",
    "authors": [
        "XuanLong Nguyen",
        "Martin J. Wainwright",
        "Michael Jordan"
    ],
    "abstract": "We develop and analyze an algorithm for nonparametric estimation of divergence functionals and the density ratio of two probability distributions. Our method is based on a variational characterization of f-divergences, which turns the estima- tion into a penalized convex risk minimization problem. We present a derivation of our kernel-based estimation algorithm and an analysis of convergence rates for the estimator. Our simulation results demonstrate the convergence behavior of the method, which compares favorably with existing methods in the literature.",
    "pdf_url": "https://papers.nips.cc/paper_files/paper/2007/file/72da7fd6d1302c0a159f6436d01e9eb0-Paper.pdf",
    "paper_url": "https://papers.nips.cc/paper_files/paper/2007/hash/72da7fd6d1302c0a159f6436d01e9eb0-Abstract.html"
}