{
    "year": 2007,
    "title": "Adaptive Online Gradient Descent",
    "authors": [
        "Peter Bartlett",
        "Elad Hazan",
        "Alexander Rakhlin"
    ],
    "abstract": "We study the rates of growth of the regret in online convex optimization. First, we show that a simple extension of the algorithm of Hazan et al eliminates the need for a priori knowledge of the lower bound on the second derivatives of the observed functions. We then provide an algorithm, Adaptive Online Gradient Descent, which interpolates between the results of Zinkevich for linear functions and of Hazan et al for strongly convex functions, achieving intermediate rates T and log T . Furthermore, we show strong optimality of the algorithm. between Finally, we provide an extension of our results to general norms.",
    "pdf_url": "https://papers.nips.cc/paper_files/paper/2007/file/261b909dfbee5a1a09d5eb50ed7a17e0-Paper.pdf",
    "paper_url": "https://papers.nips.cc/paper_files/paper/2007/hash/261b909dfbee5a1a09d5eb50ed7a17e0-Abstract.html"
}