{
    "year": 2008,
    "title": "Privacy-preserving logistic regression",
    "authors": [
        "Kamalika Chaudhuri",
        "Claire Monteleoni"
    ],
    "abstract": "This paper addresses the important tradeoff between privacy and learnability, when designing algorithms for learning from private databases. First we apply an idea of Dwork et al. to design a specific privacy-preserving machine learning algorithm, logistic regression. This involves bounding the sensitivity of logistic regression, and perturbing the learned classifier with noise proportional to the sensitivity. Noting that the approach of Dwork et al. has limitations when applied to other machine learning algorithms, we then present another privacy-preserving logistic regression algorithm. The algorithm is based on solving a perturbed objective, and does not depend on the sensitivity. We prove that our algorithm preserves privacy in the model due to Dwork et al., and we provide a learning performance guarantee. Our work also reveals an interesting connection between regularization and privacy.",
    "pdf_url": "https://papers.nips.cc/paper_files/paper/2008/file/8065d07da4a77621450aa84fee5656d9-Paper.pdf",
    "paper_url": "https://papers.nips.cc/paper_files/paper/2008/hash/8065d07da4a77621450aa84fee5656d9-Abstract.html"
}