{
    "year": 2008,
    "title": "Using Bayesian Dynamical Systems for Motion Template Libraries",
    "authors": [
        "Silvia Chiappa",
        "Jens Kober",
        "Jan Peters"
    ],
    "abstract": "Motor primitives or motion templates have become an important concept for both modeling human motor control as well as generating robot behaviors using imitation learning. Recent impressive results range from humanoid robot movement generation to timing models of human motions. The automatic generation of skill libraries containing multiple motion templates is an important step in robot learning. Such a skill learning system needs to cluster similar movements together and represent each resulting motion template as a generative model which is subsequently used for the execution of the behavior by a robot system. In this paper, we show how human trajectories captured as multidimensional time-series can be clustered using Bayesian mixtures of linear Gaussian state-space models based on the similarity of their dynamics. The appropriate number of templates is automatically determined by enforcing a parsimonious parametrization. As the resulting model is intractable, we introduce a novel approximation method based on variational Bayes, which is especially designed to enable the use of efficient inference algorithms. On recorded human Balero movements, this method is not only capable of finding reasonable motion templates but also yields a generative model which works well in the execution of this complex task on a simulated anthropomorphic SARCOS arm.",
    "pdf_url": "https://papers.nips.cc/paper_files/paper/2008/file/65658fde58ab3c2b6e5132a39fae7cb9-Paper.pdf",
    "paper_url": "https://papers.nips.cc/paper_files/paper/2008/hash/65658fde58ab3c2b6e5132a39fae7cb9-Abstract.html"
}