{
    "year": 2008,
    "title": "Dependent Dirichlet Process Spike Sorting",
    "authors": [
        "Jan Gasthaus",
        "Frank Wood",
        "Dilan Gorur",
        "Yee Teh"
    ],
    "abstract": "In this paper we propose a new incremental spike sorting model that automatically eliminates refractory period violations, accounts for action potential waveform drift, and can handle appearance\" and \"disappearance\" of neurons. Our approach is to augment a known time-varying Dirichlet process that ties together a sequence of infinite Gaussian mixture models, one per action potential waveform observation, with an interspike-interval-dependent likelihood that prohibits refractory period violations. We demonstrate this model by showing results from sorting two publicly available neural data recordings for which the a partial ground truth labeling is known.\"",
    "pdf_url": "https://papers.nips.cc/paper_files/paper/2008/file/9ab0d88431732957a618d4a469a0d4c3-Paper.pdf",
    "paper_url": "https://papers.nips.cc/paper_files/paper/2008/hash/9ab0d88431732957a618d4a469a0d4c3-Abstract.html"
}