{
    "year": 2008,
    "title": "Look Ma, No Hands: Analyzing the Monotonic Feature Abstraction for Text Classification",
    "authors": [
        "Doug Downey",
        "Oren Etzioni"
    ],
    "abstract": "Part ofAdvances in Neural Information Processing Systems 21  (NIPS 2008)",
    "pdf_url": "https://papers.nips.cc/paper_files/paper/2008/file/6e16656a6ee1de7232164767ccfa7920-Paper.pdf",
    "paper_url": "https://papers.nips.cc/paper_files/paper/2008/hash/6e16656a6ee1de7232164767ccfa7920-Abstract.html"
}