{
    "year": 2008,
    "title": "On the Generalization Ability of Online Strongly Convex Programming Algorithms",
    "authors": [
        "Sham M. Kakade",
        "Ambuj Tewari"
    ],
    "abstract": "This paper examines the generalization properties of online convex programming algorithms when the loss function is Lipschitz and strongly convex. Our main result is a sharp bound, that holds with high probability, on the excess risk of the output of an online algorithm in terms of the average regret. This allows one to use recent algorithms with logarithmic cumulative regret guarantees to achieve fast convergence rates for the excess risk with high probability. The bound also solves an open problem regarding the convergence rate of {\\pegasos}, a recently proposed method for solving the SVM optimization problem.",
    "pdf_url": "https://papers.nips.cc/paper_files/paper/2008/file/f90f2aca5c640289d0a29417bcb63a37-Paper.pdf",
    "paper_url": "https://papers.nips.cc/paper_files/paper/2008/hash/f90f2aca5c640289d0a29417bcb63a37-Abstract.html"
}