{
    "year": 2008,
    "title": "Adaptive Martingale Boosting",
    "authors": [
        "Phil Long",
        "Rocco Servedio"
    ],
    "abstract": "In recent work Long and Servedio LS05short presented a ``martingale boosting'' algorithm that works by constructing a branching program over weak classifiers and has a simple analysis based on elementary properties of random walks. LS05short showed that this martingale booster can tolerate random classification noise when it is run with a noise-tolerant weak learner; however, a drawback of the algorithm is that it is not adaptive, i.e. it cannot effectively take advantage of variation in the quality of the weak classifiers it receives. In this paper we present a variant of the original martingale boosting algorithm and prove that it is adaptive. This adaptiveness is achieved by modifying the original algorithm so that the random walks that arise in its analysis have different step size depending on the quality of the weak learner at each stage. The new algorithm inherits the desirable properties of the original LS05short algorithm, such as random classification noise tolerance, and has several other advantages besides adaptiveness: it requires polynomially fewer calls to the weak learner than the original algorithm, and it can be used with confidence-rated weak hypotheses that output real values rather than Boolean predictions.",
    "pdf_url": "https://papers.nips.cc/paper_files/paper/2008/file/38b3eff8baf56627478ec76a704e9b52-Paper.pdf",
    "paper_url": "https://papers.nips.cc/paper_files/paper/2008/hash/38b3eff8baf56627478ec76a704e9b52-Abstract.html"
}