{
    "year": 2008,
    "title": "Kernelized Sorting",
    "authors": [
        "Novi Quadrianto",
        "Le Song",
        "Alex Smola"
    ],
    "abstract": "Object matching is a fundamental operation in data analysis. It typically requires the definition of a similarity measure between the classes of objects to be matched. Instead, we develop an approach which is able to perform matching by requiring a similarity measure only within each of the classes. This is achieved by maximizing the dependency between matched pairs of observations by means of the Hilbert Schmidt Independence Criterion. This problem can be cast as one of maximizing a quadratic assignment problem with special structure and we present a simple algorithm for finding a locally optimal solution.",
    "pdf_url": "https://papers.nips.cc/paper_files/paper/2008/file/94c7bb58efc3b337800875b5d382a072-Paper.pdf",
    "paper_url": "https://papers.nips.cc/paper_files/paper/2008/hash/94c7bb58efc3b337800875b5d382a072-Abstract.html"
}