{
    "year": 2008,
    "title": "The Mondrian Process",
    "authors": [
        "Daniel M. Roy",
        "Yee Teh"
    ],
    "abstract": "We describe a novel stochastic process that can be used to construct a multidimensional generalization of the stick-breaking process and which is related to the classic stick breaking process described by Sethuraman1994 in one dimension. We describe how the process can be applied to relational data modeling using the de Finetti representation for infinitely and partially exchangeable arrays.",
    "pdf_url": "https://papers.nips.cc/paper_files/paper/2008/file/fe8c15fed5f808006ce95eddb7366e35-Paper.pdf",
    "paper_url": "https://papers.nips.cc/paper_files/paper/2008/hash/fe8c15fed5f808006ce95eddb7366e35-Abstract.html"
}