{
    "year": 2008,
    "title": "Evaluating probabilities under high-dimensional latent variable models",
    "authors": [
        "Iain Murray",
        "Russ R. Salakhutdinov"
    ],
    "abstract": "We present a simple new Monte Carlo algorithm for evaluating probabilities of observations in complex latent variable models, such as Deep Belief Networks. While the method is based on Markov chains, estimates based on short runs are formally unbiased. In expectation, the log probability of a test set will be underestimated, and this could form the basis of a probabilistic bound. The method is much cheaper than gold-standard annealing-based methods and only slightly more expensive than the cheapest Monte Carlo methods. We give examples of the new method substantially improving simple variational bounds at modest extra cost.",
    "pdf_url": "https://papers.nips.cc/paper_files/paper/2008/file/0d7de1aca9299fe63f3e0041f02638a3-Paper.pdf",
    "paper_url": "https://papers.nips.cc/paper_files/paper/2008/hash/0d7de1aca9299fe63f3e0041f02638a3-Abstract.html"
}