{
    "year": 2008,
    "title": "An interior-point stochastic approximation method and an L1-regularized delta rule",
    "authors": [
        "Peter Carbonetto",
        "Mark Schmidt",
        "Nando Freitas"
    ],
    "abstract": "The stochastic approximation method is behind the solution to many important, actively-studied problems in machine learning. Despite its far-reaching application, there is almost no work on applying stochastic approximation to learning problems with constraints. The reason for this, we hypothesize, is that no robust, widely-applicable stochastic approximation method exists for handling such problems. We propose that interior-point methods are a natural solution. We establish the stability of a stochastic interior-point approximation method both analytically and empirically, and demonstrate its utility by deriving an on-line learning algorithm that also performs feature selection via L1 regularization.",
    "pdf_url": "https://papers.nips.cc/paper_files/paper/2008/file/a87ff679a2f3e71d9181a67b7542122c-Paper.pdf",
    "paper_url": "https://papers.nips.cc/paper_files/paper/2008/hash/a87ff679a2f3e71d9181a67b7542122c-Abstract.html"
}