{
    "year": 2008,
    "title": "Learning the Semantic Correlation: An Alternative Way to Gain from Unlabeled Text",
    "authors": [
        "Yi Zhang",
        "Artur Dubrawski",
        "Jeff Schneider"
    ],
    "abstract": "In this paper, we address the question of what kind of knowledge is generally transferable from unlabeled text. We suggest and analyze the semantic correlation of words as a generally transferable structure of the language and propose a new method to learn this structure using an appropriately chosen latent variable model. This semantic correlation contains structural information of the language space and can be used to control the joint shrinkage of model parameters for any specific task in the same space through regularization. In an empirical study, we construct 190 different text classification tasks from a real-world benchmark, and the unlabeled documents are a mixture from all these tasks. We test the ability of various algorithms to use the mixed unlabeled text to enhance all classification tasks. Empirical results show that the proposed approach is a reliable and scalable method for semi-supervised learning, regardless of the source of unlabeled data, the specific task to be enhanced, and the prediction model used.",
    "pdf_url": "https://papers.nips.cc/paper_files/paper/2008/file/f2201f5191c4e92cc5af043eebfd0946-Paper.pdf",
    "paper_url": "https://papers.nips.cc/paper_files/paper/2008/hash/f2201f5191c4e92cc5af043eebfd0946-Abstract.html"
}