{
    "year": 2008,
    "title": "Theory of matching pursuit",
    "authors": [
        "Zakria Hussain",
        "John Shawe-taylor"
    ],
    "abstract": "We analyse matching pursuit for kernel principal components analysis by proving that the sparse subspace it produces is a sample compression scheme. We show that this bound is tighter than the KPCA bound of Shawe-Taylor et al swck-05 and highly predictive of the size of the subspace needed to capture most of the variance in the data. We analyse a second matching pursuit algorithm called kernel matching pursuit (KMP) which does not correspond to a sample compression scheme. However, we give a novel bound that views the choice of subspace of the KMP algorithm as a compression scheme and hence provide a VC bound to upper bound its future loss. Finally we describe how the same bound can be applied to other matching pursuit related algorithms.",
    "pdf_url": "https://papers.nips.cc/paper_files/paper/2008/file/758874998f5bd0c393da094e1967a72b-Paper.pdf",
    "paper_url": "https://papers.nips.cc/paper_files/paper/2008/hash/758874998f5bd0c393da094e1967a72b-Abstract.html"
}