{
    "year": 2008,
    "title": "An Homotopy Algorithm for the Lasso with Online Observations",
    "authors": [
        "Pierre Garrigues",
        "Laurent Ghaoui"
    ],
    "abstract": "It has been shown that the problem of $\\ell_1$-penalized least-square regression commonly referred to as the Lasso or Basis Pursuit DeNoising leads to solutions that are sparse and therefore achieves model selection. We propose in this paper an algorithm to solve the Lasso with online observations. We introduce an optimization problem that allows us to compute an homotopy from the current solution to the solution after observing a new data point. We compare our method to Lars and present an application to compressed sensing with sequential observations. Our approach can also be easily extended to compute an homotopy from the current solution to the solution after removing a data point, which leads to an efficient algorithm for leave-one-out cross-validation.",
    "pdf_url": "https://papers.nips.cc/paper_files/paper/2008/file/38af86134b65d0f10fe33d30dd76442e-Paper.pdf",
    "paper_url": "https://papers.nips.cc/paper_files/paper/2008/hash/38af86134b65d0f10fe33d30dd76442e-Abstract.html"
}