{
    "year": 2008,
    "title": "The Infinite Factorial Hidden Markov Model",
    "authors": [
        "Jurgen Gael",
        "Yee Teh",
        "Zoubin Ghahramani"
    ],
    "abstract": "We introduces a new probability distribution over a potentially infinite number of binary Markov chains which we call the Markov Indian buffet process. This process extends the IBP to allow temporal dependencies in the hidden variables. We use this stochastic process to build a nonparametric extension of the factorial hidden Markov model. After working out an inference scheme which combines slice sampling and dynamic programming we demonstrate how the infinite factorial hidden Markov model can be used for blind source separation.",
    "pdf_url": "https://papers.nips.cc/paper_files/paper/2008/file/2723d092b63885e0d7c260cc007e8b9d-Paper.pdf",
    "paper_url": "https://papers.nips.cc/paper_files/paper/2008/hash/2723d092b63885e0d7c260cc007e8b9d-Abstract.html"
}