{
    "year": 2008,
    "title": "Clusters and Coarse Partitions in LP Relaxations",
    "authors": [
        "David Sontag",
        "Amir Globerson",
        "Tommi Jaakkola"
    ],
    "abstract": "We propose a new class of consistency constraints for Linear Programming (LP) relaxations for finding the most probable (MAP) configuration in graphical models. Usual cluster-based LP relaxations enforce joint consistency of the beliefs of a cluster of variables, with computational cost increasing exponentially with the size of the clusters. By partitioning the state space of a cluster and enforcing consistency only across partitions, we obtain a class of constraints which, although less tight, are computationally feasible for large clusters. We show how to solve the cluster selection and partitioning problem monotonically in the dual LP, using the current beliefs to guide these choices. We obtain a dual message-passing algorithm and apply it to protein design problems where the variables have large state spaces and the usual cluster-based relaxations are very costly.",
    "pdf_url": "https://papers.nips.cc/paper_files/paper/2008/file/a1140a3d0df1c81e24ae954d935e8926-Paper.pdf",
    "paper_url": "https://papers.nips.cc/paper_files/paper/2008/hash/a1140a3d0df1c81e24ae954d935e8926-Abstract.html"
}