{
    "year": 2008,
    "title": "Resolution Limits of Sparse Coding in High Dimensions",
    "authors": [
        "Sundeep Rangan",
        "Vivek Goyal",
        "Alyson K. Fletcher"
    ],
    "abstract": "Recent research suggests that neural systems employ sparse coding. However, there is limited theoretical understanding of fundamental resolution limits in such sparse coding. This paper considers a general sparse estimation problem of detecting the sparsity pattern of a $k$-sparse vector in $\\R^n$ from $m$ random noisy measurements. Our main results provide necessary and sufficient conditions on the problem dimensions, $m$, $n$ and $k$, and the signal-to-noise ratio (SNR) for asymptotically-reliable detection. We show a necessary condition for perfect recovery at any given SNR for all algorithms, regardless of complexity, is $m = \\Omega(k\\log(n-k))$ measurements. This is considerably stronger than all previous necessary conditions. We also show that the scaling of $\\Omega(k\\log(n-k))$ measurements is sufficient for a trivial ``maximum correlation'' estimator to succeed. Hence this scaling is optimal and does not require lasso, matching pursuit, or more sophisticated methods, and the optimal scaling can thus be biologically plausible.",
    "pdf_url": "https://papers.nips.cc/paper_files/paper/2008/file/7f975a56c761db6506eca0b37ce6ec87-Paper.pdf",
    "paper_url": "https://papers.nips.cc/paper_files/paper/2008/hash/7f975a56c761db6506eca0b37ce6ec87-Abstract.html"
}