{
    "year": 2008,
    "title": "Learning Bounded Treewidth Bayesian Networks",
    "authors": [
        "Gal Elidan",
        "Stephen Gould"
    ],
    "abstract": "With the increased availability of data for complex domains, it is desirable to learn Bayesian network structures that are sufficiently expressive for generalization while also allowing for tractable inference. While the method of thin junction trees can, in principle, be used for this purpose, its fully greedy nature makes it prone to overfitting, particularly when data is scarce. In this work we present a novel method for learning Bayesian networks of bounded treewidth that employs global structure modifications and that is polynomial in the size of the graph and the treewidth bound. At the heart of our method is a triangulated graph that we dynamically update in a way that facilitates the addition of chain structures that increase the bound on the model's treewidth by at most one. We demonstrate the effectiveness of our ``treewidth-friendly'' method on several real-life datasets. Importantly, we also show that by using global operators, we are able to achieve better generalization even when learning Bayesian networks of unbounded treewidth.",
    "pdf_url": "https://papers.nips.cc/paper_files/paper/2008/file/006f52e9102a8d3be2fe5614f42ba989-Paper.pdf",
    "paper_url": "https://papers.nips.cc/paper_files/paper/2008/hash/006f52e9102a8d3be2fe5614f42ba989-Abstract.html"
}