{
    "year": 2008,
    "title": "Skill Characterization Based on Betweenness",
    "authors": [
        "\u00d6zg\u00fcr \u015eim\u015fek",
        "Andrew Barto"
    ],
    "abstract": "We present a characterization of a useful class of skills based on a graphical representation of an agent's interaction with its environment. Our characterization uses betweenness, a measure of centrality on graphs. It may be used directly to form a set of skills suitable for a given environment. More importantly, it serves as a useful guide for developing online, incremental skill discovery algorithms that do not rely on knowing or representing the environment graph in its entirety.",
    "pdf_url": "https://papers.nips.cc/paper_files/paper/2008/file/934815ad542a4a7c5e8a2dfa04fea9f5-Paper.pdf",
    "paper_url": "https://papers.nips.cc/paper_files/paper/2008/hash/934815ad542a4a7c5e8a2dfa04fea9f5-Abstract.html"
}