{
    "year": 2008,
    "title": "Scalable Algorithms for String Kernels with Inexact Matching",
    "authors": [
        "Pavel Kuksa",
        "Pai-hsi Huang",
        "Vladimir Pavlovic"
    ],
    "abstract": "We present a new family of linear time algorithms based on sufficient statistics for string comparison with mismatches under the string kernels framework. Our algorithms improve theoretical complexity bounds of existing approaches while scaling well with respect to the sequence alphabet size, the number of allowed mismatches and the size of the dataset. In particular, on large alphabets with loose mismatch constraints our algorithms are several orders of magnitude faster than the existing algorithms for string comparison under the mismatch similarity measure. We evaluate our algorithms on synthetic data and real applications in music genre classification, protein remote homology detection and protein fold prediction. The scalability of the algorithms allows us to consider complex sequence transformations, modeled using longer string features and larger numbers of mismatches, leading to a state-of-the-art performance with significantly reduced running times.",
    "pdf_url": "https://papers.nips.cc/paper_files/paper/2008/file/ffd52f3c7e12435a724a8f30fddadd9c-Paper.pdf",
    "paper_url": "https://papers.nips.cc/paper_files/paper/2008/hash/ffd52f3c7e12435a724a8f30fddadd9c-Abstract.html"
}