{
    "year": 2008,
    "title": "A Convergent $O(n)$ Temporal-difference Algorithm for Off-policy Learning with Linear Function Approximation",
    "authors": [
        "Richard S. Sutton",
        "Hamid Maei",
        "Csaba Szepesv\u00e1ri"
    ],
    "abstract": "We introduce the first temporal-difference learning algorithm that is stable with linear function approximation and off-policy training, for any finite Markov decision process, target policy, and exciting behavior policy, and whose complexity scales linearly in the number of parameters. We consider an i.i.d.\\ policy-evaluation setting in which the data need not come from on-policy experience. The gradient temporal-difference (GTD) algorithm estimates the expected update vector of the TD(0) algorithm and performs stochastic gradient descent on its L_2 norm. Our analysis proves that its expected update is in the direction of the gradient, assuring convergence under the usual stochastic approximation conditions to the same least-squares solution as found by the LSTD, but without its quadratic computational complexity. GTD is online and incremental, and does not involve multiplying by products of likelihood ratios as in importance-sampling methods.",
    "pdf_url": "https://papers.nips.cc/paper_files/paper/2008/file/e0c641195b27425bb056ac56f8953d24-Paper.pdf",
    "paper_url": "https://papers.nips.cc/paper_files/paper/2008/hash/e0c641195b27425bb056ac56f8953d24-Abstract.html"
}