{
    "year": 2008,
    "title": "Correlated Bigram LSA for Unsupervised Language Model Adaptation",
    "authors": [
        "Yik-cheung Tam",
        "Tanja Schultz"
    ],
    "abstract": "We propose using correlated bigram LSA for unsupervised LM adaptation for automatic speech recognition. The model is trained using efficient variational EM and smoothed using the proposed fractional Kneser-Ney smoothing which handles fractional counts. Our approach can be scalable to large training corpora via bootstrapping of bigram LSA from unigram LSA. For LM adaptation, unigram and bigram LSA are integrated into the background N-gram LM via marginal adaptation and linear interpolation respectively. Experimental results show that applying unigram and bigram LSA together yields 6%--8% relative perplexity reduction and 0.6% absolute character error rates (CER) reduction compared to applying only unigram LSA on the Mandarin RT04 test set. Comparing with the unadapted baseline, our approach reduces the absolute CER by 1.2%.",
    "pdf_url": "https://papers.nips.cc/paper_files/paper/2008/file/26e359e83860db1d11b6acca57d8ea88-Paper.pdf",
    "paper_url": "https://papers.nips.cc/paper_files/paper/2008/hash/26e359e83860db1d11b6acca57d8ea88-Abstract.html"
}