{
    "year": 2008,
    "title": "Predictive Indexing for Fast Search",
    "authors": [
        "Sharad Goel",
        "John Langford",
        "Alexander Strehl"
    ],
    "abstract": "We tackle the computational problem of query-conditioned search. Given a machine-learned scoring rule and a query distribution, we build a predictive index by precomputing lists of potential results sorted based on an expected score of the result over future queries. The predictive index datastructure supports an anytime algorithm for approximate retrieval of the top elements. The general approach is applicable to webpage ranking, internet advertisement, and approximate nearest neighbor search. It is particularly effective in settings where standard techniques (e.g., inverted indices) are intractable. We experimentally find substantial improvement over existing methods for internet advertisement and approximate nearest neighbors.",
    "pdf_url": "https://papers.nips.cc/paper_files/paper/2008/file/fa83a11a198d5a7f0bf77a1987bcd006-Paper.pdf",
    "paper_url": "https://papers.nips.cc/paper_files/paper/2008/hash/fa83a11a198d5a7f0bf77a1987bcd006-Abstract.html"
}