{
    "year": 2008,
    "title": "Non-stationary dynamic Bayesian networks",
    "authors": [
        "Joshua Robinson",
        "Alexander Hartemink"
    ],
    "abstract": "A principled mechanism for identifying conditional dependencies in time-series data is provided through structure learning of dynamic Bayesian networks (DBNs). An important assumption of DBN structure learning is that the data are generated by a stationary process\u00e2\u0080\u0094an assumption that is not true in many important settings. In this paper, we introduce a new class of graphical models called non-stationary dynamic Bayesian networks, in which the conditional dependence structure of the underlying data-generation process is permitted to change over time. Non-stationary dynamic Bayesian networks represent a new framework for studying problems in which the structure of a network is evolving over time. We define the non-stationary DBN model, present an MCMC sampling algorithm for learning the structure of the model from time-series data under different assumptions, and demonstrate the effectiveness of the algorithm on both simulated and biological data.",
    "pdf_url": "https://papers.nips.cc/paper_files/paper/2008/file/f5f8590cd58a54e94377e6ae2eded4d9-Paper.pdf",
    "paper_url": "https://papers.nips.cc/paper_files/paper/2008/hash/f5f8590cd58a54e94377e6ae2eded4d9-Abstract.html"
}