{
    "year": 2008,
    "title": "Fast Rates for Regularized Objectives",
    "authors": [
        "Karthik Sridharan",
        "Shai Shalev-shwartz",
        "Nathan Srebro"
    ],
    "abstract": "We show that the empirical minimizer of a stochastic strongly convex objective, where the stochastic component is linear, converges to the population minimizer with rate $O(1/n)$. The result applies, in particular, to the SVM objective. Thus, we get a rate of $O(1/n)$ on the convergence of the SVM objective to its infinite data limit. We demonstrate how this is essential for obtaining tight oracle inequalities for SVMs. The results extend also to strong convexity with respect to other $\\ellnorm_p$ norms, and so also to objectives regularized using other norms.",
    "pdf_url": "https://papers.nips.cc/paper_files/paper/2008/file/abd815286ba1007abfbb8415b83ae2cf-Paper.pdf",
    "paper_url": "https://papers.nips.cc/paper_files/paper/2008/hash/abd815286ba1007abfbb8415b83ae2cf-Abstract.html"
}