{
    "year": 2008,
    "title": "Sparse probabilistic projections",
    "authors": [
        "C\u00e9dric Archambeau",
        "Francis Bach"
    ],
    "abstract": "We present a generative model for performing sparse probabilistic projections, which includes sparse principal component analysis and sparse canonical correlation analysis as special cases. Sparsity is enforced by means of automatic relevance determination or by imposing appropriate prior distributions, such as generalised hyperbolic distributions. We derive a variational Expectation-Maximisation algorithm for the estimation of the hyperparameters and show that our novel probabilistic approach compares favourably to existing techniques. We illustrate how the proposed method can be applied in the context of cryptoanalysis as a pre-processing tool for the construction of template attacks.",
    "pdf_url": "https://papers.nips.cc/paper_files/paper/2008/file/d93ed5b6db83be78efb0d05ae420158e-Paper.pdf",
    "paper_url": "https://papers.nips.cc/paper_files/paper/2008/hash/d93ed5b6db83be78efb0d05ae420158e-Abstract.html"
}