{
    "year": 2009,
    "title": "Positive Semidefinite Metric Learning with Boosting",
    "authors": [
        "Chunhua Shen",
        "Junae Kim",
        "Lei Wang",
        "Anton Hengel"
    ],
    "abstract": "The learning of appropriate distance metrics is a critical problem in classification. In this work, we propose a boosting-based technique, termed BoostMetric, for learning a Mahalanobis distance metric. One of the primary difficulties in learning such a metric is to ensure that the Mahalanobis matrix remains positive semidefinite. Semidefinite programming is sometimes used to enforce this constraint, but does not scale well. BoostMetric is instead based on a key observation that any positive semidefinite matrix can be decomposed into a linear positive combination of trace-one rank-one matrices.  BoostMetric thus uses rank-one positive semidefinite matrices as weak learners within an efficient and scalable boosting-based learning process. The resulting method is easy to implement, does not require tuning, and can accommodate various types of constraints.  Experiments on various datasets show that the proposed algorithm compares favorably to those state-of-the-art methods in terms of classification accuracy and running time.",
    "pdf_url": "https://papers.nips.cc/paper_files/paper/2009/file/051e4e127b92f5d98d3c79b195f2b291-Paper.pdf",
    "paper_url": "https://papers.nips.cc/paper_files/paper/2009/hash/051e4e127b92f5d98d3c79b195f2b291-Abstract.html"
}