{
    "year": 2009,
    "title": "Robust Principal Component Analysis: Exact Recovery of Corrupted Low-Rank Matrices via Convex Optimization",
    "authors": [
        "John Wright",
        "Arvind Ganesh",
        "Shankar Rao",
        "Yigang Peng",
        "Yi Ma"
    ],
    "abstract": "Principal component analysis is a fundamental operation in computational data analysis, with myriad applications ranging from web search to bioinformatics to computer vision and image analysis. However, its performance and applicability in real scenarios are limited by a lack of robustness to outlying or corrupted observations. This paper considers the idealized \u201crobust principal component analysis\u201d problem of recovering a low rank matrix A from corrupted observations D = A + E. Here, the error entries E can be arbitrarily large (modeling grossly corrupted observations common in visual and bioinformatic data), but are assumed to be sparse. We prove that most matrices A can be efficiently and exactly recovered from most error sign-and-support patterns, by solving a simple convex program. Our result holds even when the rank of A grows nearly proportionally (up to a logarithmic factor) to the dimensionality of the observation space and the number of errors E grows in proportion to the total number of entries in the matrix. A by-product of our analysis is the first proportional growth results for the related problem of completing a low-rank matrix from a small fraction of its entries. Simulations and real-data examples corroborate the theoretical results, and suggest potential applications in computer vision.",
    "pdf_url": "https://papers.nips.cc/paper_files/paper/2009/file/c45147dee729311ef5b5c3003946c48f-Paper.pdf",
    "paper_url": "https://papers.nips.cc/paper_files/paper/2009/hash/c45147dee729311ef5b5c3003946c48f-Abstract.html"
}