{
    "year": 2009,
    "title": "Nonlinear directed acyclic structure learning with weakly additive noise models",
    "authors": [
        "Arthur Gretton",
        "Peter Spirtes",
        "Robert Tillman"
    ],
    "abstract": "The recently proposed \\emph{additive noise model} has advantages over previous structure learning algorithms, when attempting to recover some true data generating mechanism, since it (i) does not assume linearity or Gaussianity and (ii) can recover a unique DAG rather than an equivalence class. However, its original extension to the multivariate case required enumerating all possible DAGs, and for some special distributions, e.g. linear Gaussian, the model is invertible and thus cannot be used for structure learning. We present a new approach which combines a PC style search using recent advances in kernel measures of conditional dependence with local searches for additive noise models in substructures of the equivalence class. This results in a more computationally efficient approach that is useful for arbitrary distributions even when additive noise models are invertible. Experiments with synthetic and real data show that this method is more accurate than previous methods when data are nonlinear and/or non-Gaussian.",
    "pdf_url": "https://papers.nips.cc/paper_files/paper/2009/file/83fa5a432ae55c253d0e60dbfa716723-Paper.pdf",
    "paper_url": "https://papers.nips.cc/paper_files/paper/2009/hash/83fa5a432ae55c253d0e60dbfa716723-Abstract.html"
}