{
    "year": 2009,
    "title": "Posterior vs Parameter Sparsity in Latent Variable Models",
    "authors": [
        "Kuzman Ganchev",
        "Ben Taskar",
        "Fernando Pereira",
        "Jo\u00e3o Gama"
    ],
    "abstract": "In this paper we explore the problem of biasing unsupervised models to favor sparsity. We extend the posterior regularization framework [8] to encourage the  model to achieve posterior sparsity on the unlabeled training data. We apply this new method to learn \ufb01rst-order HMMs for unsupervised part-of-speech (POS) tagging, and show that HMMs learned this way consistently and signi\ufb01cantly out-performs both EM-trained HMMs, and HMMs with a sparsity-inducing Dirichlet prior trained by variational EM. We evaluate these HMMs on three languages \u2014 English, Bulgarian and Portuguese \u2014 under four conditions. We \ufb01nd that our  method always improves performance with respect to both baselines, while variational Bayes actually degrades performance in most cases. We increase accuracy with respect to EM by 2.5%-8.7% absolute and we see improvements even in a semisupervised condition where a limited dictionary is provided.",
    "pdf_url": "https://papers.nips.cc/paper_files/paper/2009/file/8f1d43620bc6bb580df6e80b0dc05c48-Paper.pdf",
    "paper_url": "https://papers.nips.cc/paper_files/paper/2009/hash/8f1d43620bc6bb580df6e80b0dc05c48-Abstract.html"
}