{
    "year": 2009,
    "title": "Accelerating Bayesian Structural Inference for Non-Decomposable Gaussian Graphical Models",
    "authors": [
        "Baback Moghaddam",
        "Mohammad Emtiyaz Khan",
        "Kevin P. Murphy",
        "Benjamin M. Marlin"
    ],
    "abstract": "In this paper we make several contributions towards accelerating approximate Bayesian structural inference for non-decomposable GGMs. Our first contribution is to show how to efficiently compute a BIC or Laplace approximation to the marginal likelihood of non-decomposable graphs using convex methods for precision matrix estimation. This optimization technique can be used as a fast scoring function inside standard Stochastic Local Search (SLS) for generating posterior samples. Our second contribution is a novel framework for efficiently generating large sets of high-quality graph topologies without performing local search. This graph proposal method, which we call Neighborhood Fusion\" (NF), samples candidate Markov blankets at each node using sparse regression techniques. Our final contribution is a hybrid method combining the complementary strengths of NF and SLS. Experimental results in structural recovery and prediction tasks demonstrate that NF and hybrid NF/SLS out-perform state-of-the-art local search methods, on both synthetic and real-world datasets, when realistic computational limits are imposed.\"",
    "pdf_url": "https://papers.nips.cc/paper_files/paper/2009/file/a1519de5b5d44b31a01de013b9b51a80-Paper.pdf",
    "paper_url": "https://papers.nips.cc/paper_files/paper/2009/hash/a1519de5b5d44b31a01de013b9b51a80-Abstract.html"
}