{
    "year": 2009,
    "title": "Non-Parametric Bayesian Dictionary Learning for Sparse Image Representations",
    "authors": [
        "Mingyuan Zhou",
        "Haojun Chen",
        "Lu Ren",
        "Guillermo Sapiro",
        "Lawrence Carin",
        "John Paisley"
    ],
    "abstract": "Non-parametric Bayesian techniques are considered for learning dictionaries for sparse image representations, with applications in denoising, inpainting and compressive sensing (CS). The beta process is employed as a prior for learning the dictionary, and this non-parametric method naturally infers an appropriate dictionary size. The Dirichlet process and a probit stick-breaking process are also considered to exploit structure within an image. The proposed method can learn a sparse dictionary in situ; training images may be exploited if available, but they are not required. Further, the noise variance need not be known, and can be non-stationary. Another virtue of the proposed method is that sequential inference can be readily employed, thereby allowing scaling to large images. Several example results are presented, using both Gibbs and variational Bayesian inference, with comparisons to other state-of-the-art approaches.",
    "pdf_url": "https://papers.nips.cc/paper_files/paper/2009/file/cfecdb276f634854f3ef915e2e980c31-Paper.pdf",
    "paper_url": "https://papers.nips.cc/paper_files/paper/2009/hash/cfecdb276f634854f3ef915e2e980c31-Abstract.html"
}