{
    "year": 2009,
    "title": "Slow Learners are Fast",
    "authors": [
        "Martin Zinkevich",
        "John Langford",
        "Alex Smola"
    ],
    "abstract": "Online learning algorithms have impressive convergence properties   when it comes to risk minimization and convex games on very large   problems. However, they are inherently sequential in their design   which prevents them from taking advantage of modern multi-core   architectures. In this paper we prove that online learning with   delayed updates converges well, thereby facilitating parallel online   learning.",
    "pdf_url": "https://papers.nips.cc/paper_files/paper/2009/file/b55ec28c52d5f6205684a473a2193564-Paper.pdf",
    "paper_url": "https://papers.nips.cc/paper_files/paper/2009/hash/b55ec28c52d5f6205684a473a2193564-Abstract.html"
}