{
    "year": 2009,
    "title": "Learning to Rank by Optimizing NDCG Measure",
    "authors": [
        "Hamed Valizadegan",
        "Rong Jin",
        "Ruofei Zhang",
        "Jianchang Mao"
    ],
    "abstract": "Learning to rank is a relatively new field of study, aiming to learn a ranking function from a set of training data with relevancy labels. The ranking algorithms are often evaluated using Information Retrieval measures, such as Normalized Discounted Cumulative Gain [1] and Mean Average Precision [2]. Until recently, most learning to rank algorithms were not using a loss function related to the above mentioned evaluation measures. The main difficulty in direct optimization of these measures is that they depend on the ranks of documents, not the numerical values output by the ranking function. We propose a probabilistic framework that addresses this challenge by optimizing the expectation of NDCG over all the possible permutations of documents. A relaxation strategy is used to approximate the average of NDCG over the space of permutation, and a bound optimization approach is proposed to make the computation efficient. Extensive experiments show that the proposed algorithm outperforms state-of-the-art ranking algorithms on several benchmark data sets.",
    "pdf_url": "https://papers.nips.cc/paper_files/paper/2009/file/b3967a0e938dc2a6340e258630febd5a-Paper.pdf",
    "paper_url": "https://papers.nips.cc/paper_files/paper/2009/hash/b3967a0e938dc2a6340e258630febd5a-Abstract.html"
}