{
    "year": 2009,
    "title": "Solving Stochastic Games",
    "authors": [
        "Liam Dermed",
        "Charles Isbell"
    ],
    "abstract": "Solving multi-agent reinforcement learning problems has proven difficult because of the lack of tractable algorithms.  We provide the first approximation algorithm which solves stochastic games to within $\\epsilon$ relative error of the optimal game-theoretic solution, in time polynomial in $1/\\epsilon$. Our algorithm extends Murrays and Gordon\u2019s (2007) modified Bellman equation which determines the \\emph{set} of all possible achievable utilities; this provides us a truly general framework for multi-agent learning. Further, we empirically validate our algorithm and find the computational cost to be orders of magnitude less than what the theory predicts.",
    "pdf_url": "https://papers.nips.cc/paper_files/paper/2009/file/5680522b8e2bb01943234bce7bf84534-Paper.pdf",
    "paper_url": "https://papers.nips.cc/paper_files/paper/2009/hash/5680522b8e2bb01943234bce7bf84534-Abstract.html"
}