{
    "year": 2009,
    "title": "Manifold Regularization for SIR with Rate Root-n Convergence",
    "authors": [
        "Wei Bian",
        "Dacheng Tao"
    ],
    "abstract": "In this paper, we study the manifold regularization for the Sliced Inverse Regression (SIR). The manifold regularization improves the standard SIR in two aspects: 1) it encodes the local geometry for SIR and 2) it enables SIR to deal with transductive and semi-supervised learning problems. We prove that the proposed graph Laplacian based regularization is convergent at rate root-n. The projection directions of the regularized SIR are optimized by using a conjugate gradient method on the Grassmann manifold. Experimental results support our theory.",
    "pdf_url": "https://papers.nips.cc/paper_files/paper/2009/file/a516a87cfcaef229b342c437fe2b95f7-Paper.pdf",
    "paper_url": "https://papers.nips.cc/paper_files/paper/2009/hash/a516a87cfcaef229b342c437fe2b95f7-Abstract.html"
}