{
    "year": 2009,
    "title": "Measuring Invariances in Deep Networks",
    "authors": [
        "Ian Goodfellow",
        "Honglak Lee",
        "Quoc Le",
        "Andrew Saxe",
        "Andrew Ng"
    ],
    "abstract": "For many computer vision applications, the ideal image feature would be invariant to multiple confounding image properties, such as illumination and viewing angle. Recently, deep architectures trained in an unsupervised manner have been proposed as an automatic method for extracting useful features. However, outside of using these learning algorithms in a classi\ufb01er, they can be sometimes dif\ufb01cult to evaluate. In this paper, we propose a number of empirical tests that directly measure the degree to which these learned features are invariant to different image transforms. We \ufb01nd that deep autoencoders become invariant to increasingly complex image transformations with depth. This further justi\ufb01es the use of \u201cdeep\u201d vs. \u201cshallower\u201d representations. Our performance metrics agree with existing measures of invariance. Our evaluation metrics can also be used to evaluate future work in unsupervised deep learning, and thus help the development of future algorithms.",
    "pdf_url": "https://papers.nips.cc/paper_files/paper/2009/file/428fca9bc1921c25c5121f9da7815cde-Paper.pdf",
    "paper_url": "https://papers.nips.cc/paper_files/paper/2009/hash/428fca9bc1921c25c5121f9da7815cde-Abstract.html"
}