{
    "year": 2009,
    "title": "Which graphical models are difficult to learn?",
    "authors": [
        "Andrea Montanari",
        "Jose Pereira"
    ],
    "abstract": "We consider the problem of learning the structure of Ising models (pairwise binary Markov random fields) from i.i.d. samples. While several methods have been proposed to accomplish this task, their relative merits and limitations remain somewhat obscure. By analyzing a number of concrete examples, we show that low-complexity  algorithms systematically fail when the Markov random field  develops long-range correlations. More precisely, this phenomenon  appears to be related to the Ising model phase transition  (although it does not coincide with it).",
    "pdf_url": "https://papers.nips.cc/paper_files/paper/2009/file/22fb0cee7e1f3bde58293de743871417-Paper.pdf",
    "paper_url": "https://papers.nips.cc/paper_files/paper/2009/hash/22fb0cee7e1f3bde58293de743871417-Abstract.html"
}