{
    "year": 2009,
    "title": "Beyond Convexity: Online Submodular Minimization",
    "authors": [
        "Elad Hazan",
        "Satyen Kale"
    ],
    "abstract": "We consider an online decision problem over a discrete space in which the loss function is submodular. We give algorithms which are computationally efficient and are Hannan-consistent in both the full information and bandit settings.",
    "pdf_url": "https://papers.nips.cc/paper_files/paper/2009/file/f770b62bc8f42a0b66751fe636fc6eb0-Paper.pdf",
    "paper_url": "https://papers.nips.cc/paper_files/paper/2009/hash/f770b62bc8f42a0b66751fe636fc6eb0-Abstract.html"
}