{
    "year": 2009,
    "title": "The Ordered Residual Kernel for Robust Motion Subspace Clustering",
    "authors": [
        "Tat-jun Chin",
        "Hanzi Wang",
        "David Suter"
    ],
    "abstract": "We present a novel and highly effective approach for multi-body motion segmentation. Drawing inspiration from robust statistical model fitting, we estimate putative subspace hypotheses from the data. However, instead of ranking them we encapsulate the hypotheses in a novel Mercer kernel which elicits the potential of two point trajectories to have emerged from the same subspace. The kernel permits the application of well-established statistical learning methods for effective outlier rejection, automatic recovery of the number of motions and accurate segmentation of the point trajectories. The method operates well under severe outliers arising from spurious trajectories or mistracks. Detailed experiments on a recent benchmark dataset (Hopkins 155) show that our method is superior to other state-of-the-art approaches in terms of recovering the number of motions, segmentation accuracy, robustness against gross outliers and computational efficiency.",
    "pdf_url": "https://papers.nips.cc/paper_files/paper/2009/file/b337e84de8752b27eda3a12363109e80-Paper.pdf",
    "paper_url": "https://papers.nips.cc/paper_files/paper/2009/hash/b337e84de8752b27eda3a12363109e80-Abstract.html"
}