{
    "year": 2009,
    "title": "A Rate Distortion Approach for Semi-Supervised Conditional Random Fields",
    "authors": [
        "Yang Wang",
        "Gholamreza Haffari",
        "Shaojun Wang",
        "Greg Mori"
    ],
    "abstract": "We propose a novel information theoretic approach for semi-supervised learning of conditional random fields. Our approach defines a training objective that combines the conditional likelihood on labeled data and the mutual information on unlabeled data. Different from previous minimum conditional entropy semi-supervised discriminative learning methods, our approach can be naturally cast into the rate distortion theory framework in information theory. We analyze the tractability of the framework for structured prediction and present a convergent variational training algorithm to defy the combinatorial explosion of terms in the sum over label configurations. Our experimental results show that the rate distortion approach outperforms standard $l_2$ regularization and minimum conditional entropy regularization on both multi-class classification and sequence labeling problems.",
    "pdf_url": "https://papers.nips.cc/paper_files/paper/2009/file/e5841df2166dd424a57127423d276bbe-Paper.pdf",
    "paper_url": "https://papers.nips.cc/paper_files/paper/2009/hash/e5841df2166dd424a57127423d276bbe-Abstract.html"
}