{
    "year": 2009,
    "title": "Explaining human multiple object tracking as resource-constrained approximate inference in a dynamic probabilistic model",
    "authors": [
        "Ed Vul",
        "George Alvarez",
        "Joshua Tenenbaum",
        "Michael Black"
    ],
    "abstract": "Multiple object tracking is a task commonly used to investigate the architecture of human visual attention. Human participants show a distinctive pattern of successes and failures in tracking experiments that is often attributed to limits on an object system, a tracking module, or other specialized cognitive structures. Here we use a computational analysis of the task of object tracking to ask which human failures arise from cognitive limitations and which are consequences of inevitable perceptual uncertainty in the tracking task. We find that many human performance phenomena, measured through novel behavioral experiments, are naturally produced by the operation of our ideal observer model (a Rao-Blackwelized particle filter). The tradeoff between the speed and number of objects being tracked, however, can only arise from the allocation of a flexible cognitive resource, which can be formalized as either memory or attention.",
    "pdf_url": "https://papers.nips.cc/paper_files/paper/2009/file/d79aac075930c83c2f1e369a511148fe-Paper.pdf",
    "paper_url": "https://papers.nips.cc/paper_files/paper/2009/hash/d79aac075930c83c2f1e369a511148fe-Abstract.html"
}