{
    "year": 2009,
    "title": "Entropic Graph Regularization in Non-Parametric Semi-Supervised Classification",
    "authors": [
        "Amarnag Subramanya",
        "Jeff A. Bilmes"
    ],
    "abstract": "We prove certain theoretical properties of a graph-regularized transductive learning objective that is based on minimizing a Kullback-Leibler divergence based loss. These include showing that the iterative alternating minimization procedure used to minimize the objective converges to the correct solution and deriving a test for convergence. We also propose a graph node ordering algorithm that is cache cognizant and leads to a linear speedup in parallel computations. This ensures that the algorithm scales to large data sets. By making use of empirical evaluation on the TIMIT and Switchboard I corpora, we show this approach is able to out-perform other state-of-the-art SSL approaches. In one instance, we solve a problem on a 120 million node graph.",
    "pdf_url": "https://papers.nips.cc/paper_files/paper/2009/file/0768281a05da9f27df178b5c39a51263-Paper.pdf",
    "paper_url": "https://papers.nips.cc/paper_files/paper/2009/hash/0768281a05da9f27df178b5c39a51263-Abstract.html"
}