{
    "year": 2009,
    "title": "Variational Gaussian-process factor analysis for modeling spatio-temporal data",
    "authors": [
        "Jaakko Luttinen",
        "Alexander Ilin"
    ],
    "abstract": "We present a probabilistic latent factor model which can be used for studying spatio-temporal datasets. The spatial and temporal structure is modeled by using Gaussian process priors both for the loading matrix and the factors. The posterior distributions are approximated using the variational Bayesian framework. High computational cost of Gaussian process modeling is reduced by using sparse approximations. The model is used to compute the reconstructions of the global sea surface temperatures from a historical dataset. The results suggest that the proposed model can outperform the state-of-the-art reconstruction systems.",
    "pdf_url": "https://papers.nips.cc/paper_files/paper/2009/file/4a47d2983c8bd392b120b627e0e1cab4-Paper.pdf",
    "paper_url": "https://papers.nips.cc/paper_files/paper/2009/hash/4a47d2983c8bd392b120b627e0e1cab4-Abstract.html"
}