{
    "year": 2009,
    "title": "Constructing Topological Maps using Markov Random Fields and Loop-Closure Detection",
    "authors": [
        "Roy Anati",
        "Kostas Daniilidis"
    ],
    "abstract": "We present a system which constructs a topological map of an environment given a sequence of images. This system includes a novel image similarity score which uses dynamic programming to match images using both the appearance and relative positions of local features simultaneously. Additionally an MRF is constructed to model the probability of loop-closures. A locally optimal labeling is found using Loopy-BP. Finally we outline a method to generate a topological map from loop closure data. Results are presented on four urban sequences and one indoor sequence.",
    "pdf_url": "https://papers.nips.cc/paper_files/paper/2009/file/303ed4c69846ab36c2904d3ba8573050-Paper.pdf",
    "paper_url": "https://papers.nips.cc/paper_files/paper/2009/hash/303ed4c69846ab36c2904d3ba8573050-Abstract.html"
}