{
    "year": 2009,
    "title": "The Infinite Partially Observable Markov Decision Process",
    "authors": [
        "Finale Doshi-velez"
    ],
    "abstract": "The Partially Observable Markov Decision Process (POMDP) framework has proven useful in planning domains that require balancing actions that increase an agents knowledge and actions that increase an agents reward.  Unfortunately, most POMDPs are complex structures with a large number of parameters.  In many realworld problems, both the structure and the parameters are difficult to specify from domain knowledge alone.  Recent work in Bayesian reinforcement learning has made headway in learning POMDP models; however, this work has largely focused on learning the parameters of the POMDP model.  We define an infinite POMDP (iPOMDP) model that does not require knowledge of the size of the state space; instead, it assumes that the number of visited states will grow as the agent explores its world and explicitly models only visited states.  We demonstrate the iPOMDP utility on several standard problems.",
    "pdf_url": "https://papers.nips.cc/paper_files/paper/2009/file/ebd9629fc3ae5e9f6611e2ee05a31cef-Paper.pdf",
    "paper_url": "https://papers.nips.cc/paper_files/paper/2009/hash/ebd9629fc3ae5e9f6611e2ee05a31cef-Abstract.html"
}