{
    "year": 2009,
    "title": "Differential Use of Implicit Negative Evidence in Generative and Discriminative Language Learning",
    "authors": [
        "Anne Hsu",
        "Thomas Griffiths"
    ],
    "abstract": "A classic debate in cognitive science revolves around understanding how children learn complex linguistic rules, such as those governing  restrictions on verb alternations, without negative  evidence. Traditionally, formal learnability arguments have been used to claim that such learning is impossible without the aid of innate  language-specific knowledge. However, recently, researchers have shown  that statistical models are capable of learning complex rules from only  positive evidence. These two kinds of learnability analyses differ in their assumptions about the role of the distribution from which linguistic  input is generated.  The former analyses assume that learners seek to identify grammatical sentences in a way that is robust to the distribution  from which the sentences are generated, analogous to discriminative  approaches in machine learning. The latter assume that learners are trying  to estimate a generative model, with sentences being sampled from that  model. We show that these two learning approaches differ in their use of implicit negative evidence -- the absence of a sentence -- when learning  verb alternations, and demonstrate that human learners can produce results  consistent with the predictions of both approaches, depending on the  context in which the learning problem is presented.",
    "pdf_url": "https://papers.nips.cc/paper_files/paper/2009/file/0f96613235062963ccde717b18f97592-Paper.pdf",
    "paper_url": "https://papers.nips.cc/paper_files/paper/2009/hash/0f96613235062963ccde717b18f97592-Abstract.html"
}