{
    "year": 2009,
    "title": "Bayesian Source Localization with the Multivariate Laplace Prior",
    "authors": [
        "Marcel Gerven",
        "Botond Cseke",
        "Robert Oostenveld",
        "Tom Heskes"
    ],
    "abstract": "We introduce a novel multivariate Laplace (MVL) distribution as a sparsity promoting prior for Bayesian source localization that allows the specification of constraints between and within sources. We represent the MVL distribution as a scale mixture that induces a coupling between source variances instead of their means. Approximation of the posterior marginals using expectation propagation is shown to be very efficient due to properties of the scale mixture representation. The computational bottleneck amounts to computing the diagonal elements of a sparse matrix inverse. Our approach is illustrated using a mismatch negativity paradigm for which MEG data and a structural MRI have been acquired. We show that spatial coupling leads to sources which are active over larger cortical areas as compared with an uncoupled prior.",
    "pdf_url": "https://papers.nips.cc/paper_files/paper/2009/file/e7b24b112a44fdd9ee93bdf998c6ca0e-Paper.pdf",
    "paper_url": "https://papers.nips.cc/paper_files/paper/2009/hash/e7b24b112a44fdd9ee93bdf998c6ca0e-Abstract.html"
}