{
    "year": 2009,
    "title": "Optimal Scoring for Unsupervised Learning",
    "authors": [
        "Zhihua Zhang",
        "Guang Dai"
    ],
    "abstract": "We are often interested in casting classification and clustering problems in a regression framework, because it is feasible to achieve some statistical properties in this framework by imposing some penalty criteria. In this paper we illustrate optimal scoring, which was originally proposed for performing Fisher linear discriminant analysis by regression, in the application of unsupervised learning. In particular, we devise a novel clustering algorithm that we call optimal discriminant clustering (ODC). We associate our algorithm with the existing unsupervised learning algorithms such as spectral clustering, discriminative clustering and sparse principal component analysis. Thus, our work shows that optimal scoring  provides a new approach to the implementation of  unsupervised learning. This approach facilitates the development of new unsupervised learning algorithms.",
    "pdf_url": "https://papers.nips.cc/paper_files/paper/2009/file/a8e864d04c95572d1aece099af852d0a-Paper.pdf",
    "paper_url": "https://papers.nips.cc/paper_files/paper/2009/hash/a8e864d04c95572d1aece099af852d0a-Abstract.html"
}