{
    "year": 2009,
    "title": "Learning Label Embeddings for Nearest-Neighbor Multi-class Classification with an Application to Speech Recognition",
    "authors": [
        "Natasha Singh-miller",
        "Michael Collins"
    ],
    "abstract": "We consider the problem of using nearest neighbor methods to provide a conditional probability estimate, P(y|a), when the number of labels y is large and the labels share some underlying structure. We propose a method for learning error-correcting output codes (ECOCs) to model the similarity between labels within a nearest neighbor framework. The learned ECOCs and nearest neighbor information are used to provide conditional probability estimates. We apply these estimates to the problem of acoustic modeling for speech recognition. We demonstrate an absolute reduction in word error rate (WER) of 0.9% (a 2.5% relative reduction in WER) on a lecture recognition task over a state-of-the-art baseline GMM model.",
    "pdf_url": "https://papers.nips.cc/paper_files/paper/2009/file/15d4e891d784977cacbfcbb00c48f133-Paper.pdf",
    "paper_url": "https://papers.nips.cc/paper_files/paper/2009/hash/15d4e891d784977cacbfcbb00c48f133-Abstract.html"
}