{
    "year": 2010,
    "title": "Synergies in learning words and their referents",
    "authors": [
        "Mark Johnson",
        "Katherine Demuth",
        "Bevan Jones",
        "Michael Black"
    ],
    "abstract": "This paper presents Bayesian non-parametric models that simultaneously learn to segment words from phoneme strings and learn the referents of some of those words, and shows that there is a synergistic interaction in the acquisition of these two kinds of linguistic information. The models themselves are novel kinds of Adaptor Grammars that are an extension of an embedding of topic models into PCFGs. These models simultaneously segment phoneme sequences into words and learn the relationship between non-linguistic objects to the words that refer to them. We show (i) that modelling inter-word dependencies not only improves the accuracy of the word segmentation but also of word-object relationships, and (ii) that a model that simultaneously learns word-object relationships and word segmentation segments more accurately than one that just learns word segmentation on its own. We argue that these results support an interactive view of language acquisition that can take advantage of synergies such as these.",
    "pdf_url": "https://papers.nips.cc/paper_files/paper/2010/file/d64a340bcb633f536d56e51874281454-Paper.pdf",
    "paper_url": "https://papers.nips.cc/paper_files/paper/2010/hash/d64a340bcb633f536d56e51874281454-Abstract.html"
}