{
    "year": 2010,
    "title": "MAP estimation in Binary MRFs via Bipartite Multi-cuts",
    "authors": [
        "Sashank J. Reddi",
        "Sunita Sarawagi",
        "Sundar Vishwanathan"
    ],
    "abstract": "We propose a new LP relaxation for obtaining the MAP assignment of a binary MRF with pairwise potentials. Our relaxation is derived from reducing the MAP assignment problem to an instance of a recently proposed Bipartite Multi-cut problem where the LP relaxation is guaranteed to provide an O(log k) approximation where k is the number of vertices adjacent to non-submodular edges in the MRF. We then propose a combinatorial algorithm to efficiently solve the LP and also provide a lower bound by concurrently solving its dual to within an approximation. The algorithm is up to an order of magnitude faster and provides better MAP scores and bounds than the state of the art message passing algorithm of [1] that tightens the local marginal polytope with third-order marginal constraints.",
    "pdf_url": "https://papers.nips.cc/paper_files/paper/2010/file/adc8ca1b15e20915c3ea6008fc2f52ed-Paper.pdf",
    "paper_url": "https://papers.nips.cc/paper_files/paper/2010/hash/adc8ca1b15e20915c3ea6008fc2f52ed-Abstract.html"
}