{
    "year": 2010,
    "title": "Direct Loss Minimization for Structured Prediction",
    "authors": [
        "Tamir Hazan",
        "Joseph Keshet",
        "David McAllester"
    ],
    "abstract": "In discriminative machine learning one is interested in training a system to optimize a certain desired measure of performance, or loss. In binary classification one typically tries to minimizes the error rate. But in structured prediction each task often has its own measure of performance such as the BLEU score in machine translation or the intersection-over-union score in PASCAL segmentation. The most common approaches to structured prediction, structural SVMs and CRFs, do not minimize the task loss: the former minimizes a surrogate loss with no guarantees for task loss and the latter minimizes log loss independent of task loss. The main contribution of this paper is a theorem stating that a certain perceptron-like learning rule, involving features vectors derived from loss-adjusted inference, directly corresponds to the gradient of task loss. We give empirical results on phonetic alignment of a standard test set from the TIMIT corpus, which surpasses all previously reported results on this problem.",
    "pdf_url": "https://papers.nips.cc/paper_files/paper/2010/file/ca8155f4d27f205953f9d3d7974bdd70-Paper.pdf",
    "paper_url": "https://papers.nips.cc/paper_files/paper/2010/hash/ca8155f4d27f205953f9d3d7974bdd70-Abstract.html"
}