{
    "year": 2010,
    "title": "Random Projection Trees Revisited",
    "authors": [
        "Aman Dhesi",
        "Purushottam Kar"
    ],
    "abstract": "The Random Projection Tree (RPTree) structures proposed in [Dasgupta-Freund-STOC-08] are space partitioning data structures that automatically adapt to various notions of intrinsic dimensionality of data. We prove new results for both the RPTree-Max and the RPTree-Mean data structures. Our result for RPTree-Max gives a near-optimal bound on the number of levels required by this data structure to reduce the size of its cells by a factor s >= 2. We also prove a packing lemma for this data structure. Our final result shows that low-dimensional manifolds possess bounded Local Covariance Dimension. As a consequence we show that RPTree-Mean adapts to manifold dimension as well.",
    "pdf_url": "https://papers.nips.cc/paper_files/paper/2010/file/3def184ad8f4755ff269862ea77393dd-Paper.pdf",
    "paper_url": "https://papers.nips.cc/paper_files/paper/2010/hash/3def184ad8f4755ff269862ea77393dd-Abstract.html"
}