{
    "year": 2010,
    "title": "Tiled convolutional neural networks",
    "authors": [
        "Jiquan Ngiam",
        "Zhenghao Chen",
        "Daniel Chia",
        "Pang Koh",
        "Quoc Le",
        "Andrew Ng"
    ],
    "abstract": "Convolutional neural networks (CNNs) have been successfully applied to many tasks such as digit and object recognition. Using convolutional (tied) weights signi\ufb01cantly reduces the number of parameters that have to be learned, and also allows translational invariance to be hard-coded into the architecture. In this paper, we consider the problem of learning invariances, rather than relying on hard-coding. We propose tiled convolution neural networks (Tiled CNNs), which use a regular \u201ctiled\u201d pattern of tied weights that does not require that adjacent hidden units share identical weights, but instead requires only that hidden units k steps away from each other to have tied weights. By pooling over neighboring units, this architecture is able to learn complex invariances (such as scale and rotational invariance) beyond translational invariance. Further, it also enjoys much of CNNs\u2019 advantage of having a relatively small number of learned parameters (such as ease of learning and greater scalability). We provide an efficient learning algorithm for Tiled CNNs based on Topographic ICA, and show that learning complex invariant features allows us to achieve highly competitive results for both the NORB and CIFAR-10 datasets.",
    "pdf_url": "https://papers.nips.cc/paper_files/paper/2010/file/01f78be6f7cad02658508fe4616098a9-Paper.pdf",
    "paper_url": "https://papers.nips.cc/paper_files/paper/2010/hash/01f78be6f7cad02658508fe4616098a9-Abstract.html"
}