{
    "year": 2010,
    "title": "On a Connection between Importance Sampling and the Likelihood Ratio Policy Gradient",
    "authors": [
        "Tang Jie",
        "Pieter Abbeel"
    ],
    "abstract": "Likelihood ratio policy gradient methods have been some of the most successful reinforcement learning algorithms, especially for learning on physical systems. We describe how the likelihood ratio policy gradient can be derived from an importance sampling perspective. This derivation highlights how likelihood ratio methods under-use past experience by (a) using the past experience to estimate {\\em only} the gradient of the expected return $U(\\theta)$ at the current policy parameterization $\\theta$, rather than to obtain a more complete estimate of $U(\\theta)$, and (b) using past experience under the current policy {\\em only} rather than using all past experience to improve the estimates. We present a new policy search method, which leverages both of these observations as well as generalized baselines---a new technique which generalizes commonly used baseline techniques for policy gradient methods. Our algorithm outperforms standard likelihood ratio policy gradient algorithms on several testbeds.",
    "pdf_url": "https://papers.nips.cc/paper_files/paper/2010/file/35cf8659cfcb13224cbd47863a34fc58-Paper.pdf",
    "paper_url": "https://papers.nips.cc/paper_files/paper/2010/hash/35cf8659cfcb13224cbd47863a34fc58-Abstract.html"
}