{
    "year": 2010,
    "title": "Accounting for network effects in neuronal responses using L1 regularized point process models",
    "authors": [
        "Ryan Kelly",
        "Matthew Smith",
        "Robert Kass",
        "Tai Lee"
    ],
    "abstract": "Activity of a neuron, even in the early sensory areas, is not simply a function of its local receptive field or tuning properties, but depends on global context of the stimulus, as well as the neural context. This suggests the activity of the surrounding neurons and global brain states can exert considerable influence on the activity of a neuron. In this paper we implemented an L1 regularized point process model to assess the contribution of multiple factors to the firing rate of many individual units recorded simultaneously from V1 with a 96-electrode Utah\" array. We found that the spikes of surrounding neurons indeed provide strong predictions of a neuron's response, in addition to the neuron's receptive field transfer function. We also found that the same spikes could be accounted for with the local field potentials, a surrogate measure of global network states. This work shows that accounting for network fluctuations can improve estimates of single trial firing rate and stimulus-response transfer functions.\"",
    "pdf_url": "https://papers.nips.cc/paper_files/paper/2010/file/c7e1249ffc03eb9ded908c236bd1996d-Paper.pdf",
    "paper_url": "https://papers.nips.cc/paper_files/paper/2010/hash/c7e1249ffc03eb9ded908c236bd1996d-Abstract.html"
}