{
    "year": 2010,
    "title": "Structured Determinantal Point Processes",
    "authors": [
        "Alex Kulesza",
        "Ben Taskar"
    ],
    "abstract": "We present a novel probabilistic model for distributions over sets of structures -- for example, sets of sequences, trees, or graphs. The critical characteristic of our model is a preference for diversity: sets containing dissimilar structures are more likely. Our model is a marriage of structured probabilistic models, like Markov random fields and context free grammars, with determinantal point processes, which arise in quantum physics as models of particles with repulsive interactions. We extend the determinantal point process model to handle an exponentially-sized set of particles (structures) via a natural factorization of the model into parts. We show how this factorization leads to tractable algorithms for exact inference, including computing marginals, computing conditional probabilities, and sampling. Our algorithms exploit a novel polynomially-sized dual representation of determinantal point processes, and use message passing over a special semiring to compute relevant quantities. We illustrate the advantages of the model on tracking and articulated pose estimation problems.",
    "pdf_url": "https://papers.nips.cc/paper_files/paper/2010/file/1f50893f80d6830d62765ffad7721742-Paper.pdf",
    "paper_url": "https://papers.nips.cc/paper_files/paper/2010/hash/1f50893f80d6830d62765ffad7721742-Abstract.html"
}