{
    "year": 2010,
    "title": "Sparse Instrumental Variables (SPIV) for Genome-Wide Studies",
    "authors": [
        "Paul Mckeigue",
        "Jon Krohn",
        "Amos J. Storkey",
        "Felix Agakov"
    ],
    "abstract": "This paper describes a probabilistic framework for studying associations between multiple genotypes, biomarkers, and phenotypic traits in the presence of noise and unobserved confounders for large genetic studies. The framework builds on sparse linear methods developed for regression and modified here for inferring causal structures of richer networks with latent variables. The method is motivated by the use of genotypes as ``instruments'' to infer causal associations between phenotypic biomarkers and outcomes, without making the common restrictive assumptions of instrumental variable methods. The method may be used for an effective screening of potentially interesting genotype phenotype and biomarker-phenotype associations in genome-wide studies, which may have important implications for validating biomarkers as possible proxy endpoints for early stage clinical trials. Where the biomarkers are gene transcripts, the method can be used for fine mapping of quantitative trait loci (QTLs) detected in genetic linkage studies. The method is applied for examining effects of gene transcript levels in the liver on plasma HDL cholesterol levels for a sample of sequenced mice from a heterogeneous stock, with $\\sim 10^5$ genetic instruments and $\\sim 47 \\times 10^3$ gene transcripts.",
    "pdf_url": "https://papers.nips.cc/paper_files/paper/2010/file/4476b929e30dd0c4e8bdbcc82c6ba23a-Paper.pdf",
    "paper_url": "https://papers.nips.cc/paper_files/paper/2010/hash/4476b929e30dd0c4e8bdbcc82c6ba23a-Abstract.html"
}