{
    "year": 2010,
    "title": "Attractor Dynamics with Synaptic Depression",
    "authors": [
        "K. Wong",
        "He Wang",
        "Si Wu",
        "Chi Fung"
    ],
    "abstract": "Neuronal connection weights exhibit short-term depression (STD). The present study investigates the impact of STD on the dynamics of a continuous attractor neural network (CANN) and its potential roles in neural information processing. We find that the network with STD can generate both static and traveling bumps, and STD enhances the performance of the network in tracking external inputs. In particular, we find that STD endows the network with slow-decaying plateau behaviors, namely, the network being initially stimulated to an active state will decay to silence very slowly in the time scale of STD rather than that of neural signaling. We argue that this provides a mechanism for neural systems to hold short-term memory easily and shut off persistent activities naturally.",
    "pdf_url": "https://papers.nips.cc/paper_files/paper/2010/file/7d04bbbe5494ae9d2f5a76aa1c00fa2f-Paper.pdf",
    "paper_url": "https://papers.nips.cc/paper_files/paper/2010/hash/7d04bbbe5494ae9d2f5a76aa1c00fa2f-Abstract.html"
}