{
    "year": 2010,
    "title": "Inference and communication in the game of Password",
    "authors": [
        "Yang Xu",
        "Charles Kemp"
    ],
    "abstract": "Communication between a speaker and hearer will be most efficient when both parties make accurate inferences about the other. We study inference and communication in a television game called Password, where speakers must convey secret words to hearers by providing one-word clues. Our working hypothesis is that human communication is relatively efficient, and we use game show data to examine three predictions. First, we predict that speakers and hearers are both considerate, and that both take the other\u2019s perspective into account. Second, we predict that speakers and hearers are calibrated, and that both make accurate assumptions about the strategy used by the other. Finally, we predict that speakers and hearers are collaborative, and that they tend to share the cognitive burden of communication equally. We find evidence in support of all three predictions, and demonstrate in addition that efficient communication tends to break down when speakers and hearers are placed under time pressure.",
    "pdf_url": "https://papers.nips.cc/paper_files/paper/2010/file/766d856ef1a6b02f93d894415e6bfa0e-Paper.pdf",
    "paper_url": "https://papers.nips.cc/paper_files/paper/2010/hash/766d856ef1a6b02f93d894415e6bfa0e-Abstract.html"
}