{
    "year": 2010,
    "title": "The LASSO risk: asymptotic results and real world examples",
    "authors": [
        "Mohsen Bayati",
        "Jos\u00e9 Pereira",
        "Andrea Montanari"
    ],
    "abstract": "We consider the problem of learning a coefficient vector x0 from noisy linear observation y=Ax0+w. In many contexts (ranging from model selection to image processing) it is desirable to construct a sparse estimator. In this case, a popular approach consists in solving an l1-penalized least squares problem known as the LASSO or BPDN.  For sequences of matrices A of increasing dimensions, with iid gaussian entries, we prove that the normalized risk of the LASSO converges to a limit, and we obtain an explicit expression for this limit. Our result is the first rigorous derivation of an explicit formula for the asymptotic risk of the LASSO for random instances. The proof technique is based on the analysis of AMP, a recently developed efficient algorithm, that is inspired from graphical models ideas.   Through simulations on real data matrices (gene expression data and hospital medical records) we observe that these results can be relevant in a broad array of practical applications.",
    "pdf_url": "https://papers.nips.cc/paper_files/paper/2010/file/f47330643ae134ca204bf6b2481fec47-Paper.pdf",
    "paper_url": "https://papers.nips.cc/paper_files/paper/2010/hash/f47330643ae134ca204bf6b2481fec47-Abstract.html"
}