{
    "year": 2010,
    "title": "Feature Construction for Inverse Reinforcement Learning",
    "authors": [
        "Sergey Levine",
        "Zoran Popovic",
        "Vladlen Koltun"
    ],
    "abstract": "The goal of inverse reinforcement learning is to find a reward function for a Markov decision process, given example traces from its optimal policy. Current IRL techniques generally rely on user-supplied features that form a concise basis for the reward. We present an algorithm that instead constructs reward features from a large collection of component features, by building logical conjunctions of those component features that are relevant to the example policy. Given example traces, the algorithm returns a reward function as well as the constructed features. The reward function can be used to recover a full, deterministic, stationary policy, and the features can be used to transplant the reward function into any novel environment on which the component features are well defined.",
    "pdf_url": "https://papers.nips.cc/paper_files/paper/2010/file/a8f15eda80c50adb0e71943adc8015cf-Paper.pdf",
    "paper_url": "https://papers.nips.cc/paper_files/paper/2010/hash/a8f15eda80c50adb0e71943adc8015cf-Abstract.html"
}