{
    "year": 2010,
    "title": "Large Margin Multi-Task Metric Learning",
    "authors": [
        "Shibin Parameswaran",
        "Kilian Q. Weinberger"
    ],
    "abstract": "Multi-task learning (MTL) improves the prediction performance on multiple, different but related, learning problems through shared parameters or representations. One of the most prominent multi-task learning algorithms is an extension to svms by Evgeniou et al. Although very elegant, multi-task svm is inherently restricted by the fact that support vector machines require each class to be addressed explicitly with its own weight vector which, in a multi-task setting, requires the different learning tasks to share the same set of classes. This paper proposes an alternative formulation for multi-task learning by extending the recently published large margin nearest neighbor (lmnn) algorithm to the MTL paradigm. Instead of relying on separating hyperplanes, its decision function is based on the nearest neighbor rule which inherently extends to many classes and becomes a natural fit for multitask learning. We evaluate the resulting multi-task lmnn on real-world insurance data and speech classification problems and show that it consistently outperforms single-task kNN under several metrics and state-of-the-art MTL classifiers.",
    "pdf_url": "https://papers.nips.cc/paper_files/paper/2010/file/087408522c31eeb1f982bc0eaf81d35f-Paper.pdf",
    "paper_url": "https://papers.nips.cc/paper_files/paper/2010/hash/087408522c31eeb1f982bc0eaf81d35f-Abstract.html"
}