{
    "year": 2010,
    "title": "Implicitly Constrained Gaussian Process Regression for Monocular Non-Rigid Pose Estimation",
    "authors": [
        "Mathieu Salzmann",
        "Raquel Urtasun"
    ],
    "abstract": "Estimating 3D pose from monocular images is a highly ambiguous problem. Physical constraints can be exploited to restrict the space of feasible configurations. In this paper we propose an approach to constraining the prediction of a discriminative predictor. We first show that the mean prediction of a Gaussian process implicitly satisfies linear constraints if those constraints are satisfied by the training examples. We then show how, by performing a change of variables, a GP can be forced to satisfy quadratic constraints. As evidenced by the experiments, our method outperforms state-of-the-art approaches on the tasks of rigid and non-rigid pose estimation.",
    "pdf_url": "https://papers.nips.cc/paper_files/paper/2010/file/115f89503138416a242f40fb7d7f338e-Paper.pdf",
    "paper_url": "https://papers.nips.cc/paper_files/paper/2010/hash/115f89503138416a242f40fb7d7f338e-Abstract.html"
}