{
    "year": 2011,
    "title": "Bayesian Bias Mitigation for Crowdsourcing",
    "authors": [
        "Fabian L. Wauthier",
        "Michael Jordan"
    ],
    "abstract": "Biased labelers are a systemic problem in crowdsourcing, and a  comprehensive toolbox for handling their responses is still being  developed. A typical crowdsourcing application can be divided into  three steps: data collection, data curation, and learning. At present  these steps are often treated separately. We present Bayesian Bias  Mitigation for Crowdsourcing (BBMC), a Bayesian model to unify all  three. Most data curation methods account for the {\\it effects} of  labeler bias by modeling all labels as coming from a single latent  truth. Our model captures the {\\it sources} of bias by describing  labelers as influenced by shared random effects. This approach can  account for more complex bias patterns that arise in ambiguous or hard  labeling tasks and allows us to merge data curation and learning into  a single computation. Active learning integrates data collection with  learning, but is commonly considered infeasible with Gibbs sampling  inference. We propose a general approximation strategy for Markov  chains to efficiently quantify the effect of a perturbation on the  stationary distribution and specialize this approach to active  learning. Experiments show BBMC to outperform many common heuristics.",
    "pdf_url": "https://papers.nips.cc/paper_files/paper/2011/file/0768281a05da9f27df178b5c39a51263-Paper.pdf",
    "paper_url": "https://papers.nips.cc/paper_files/paper/2011/hash/0768281a05da9f27df178b5c39a51263-Abstract.html"
}