{
    "year": 2011,
    "title": "Multi-Bandit Best Arm Identification",
    "authors": [
        "Victor Gabillon",
        "Mohammad Ghavamzadeh",
        "Alessandro Lazaric",
        "S\u00e9bastien Bubeck"
    ],
    "abstract": "We study the problem of identifying the best arm in each of the bandits in a multi-bandit multi-armed setting. We first propose an algorithm called Gap-based Exploration (GapE) that focuses on the arms whose mean is close to the mean of the best arm in the same bandit (i.e., small gap). We then introduce an algorithm, called GapE-V, which takes into account the variance of the arms in addition to their gap. We prove an upper-bound on the probability of error for both algorithms. Since GapE and GapE-V need to tune an exploration parameter that depends on the complexity of the problem, which is often unknown in advance, we also introduce variations of these algorithms that estimate this complexity online. Finally, we evaluate the performance of these algorithms and compare them to other allocation strategies on a number of synthetic problems.",
    "pdf_url": "https://papers.nips.cc/paper_files/paper/2011/file/c4851e8e264415c4094e4e85b0baa7cc-Paper.pdf",
    "paper_url": "https://papers.nips.cc/paper_files/paper/2011/hash/c4851e8e264415c4094e4e85b0baa7cc-Abstract.html"
}