{
    "year": 2011,
    "title": "Sparse Inverse Covariance Matrix Estimation Using Quadratic Approximation",
    "authors": [
        "Cho-jui Hsieh",
        "Inderjit Dhillon",
        "Pradeep Ravikumar",
        "M\u00e1ty\u00e1s Sustik"
    ],
    "abstract": "The L_1 regularized Gaussian maximum likelihood estimator has been shown to have strong statistical guarantees in recovering a sparse inverse covariance matrix, or alternatively the underlying graph structure of a Gaussian Markov Random Field, from very limited samples. We propose a novel algorithm for solving the resulting optimization problem which is a regularized log-determinant program.  In contrast to other state-of-the-art methods that largely use first order gradient information, our algorithm is based on Newton's method and employs a quadratic approximation, but with some modifications that leverage the structure of the sparse Gaussian MLE problem. We show that our method is superlinearly convergent, and also present experimental results using synthetic and real application data that demonstrate the considerable improvements in performance of our method when  compared to other state-of-the-art methods.",
    "pdf_url": "https://papers.nips.cc/paper_files/paper/2011/file/2ba8698b79439589fdd2b0f7218d8b07-Paper.pdf",
    "paper_url": "https://papers.nips.cc/paper_files/paper/2011/hash/2ba8698b79439589fdd2b0f7218d8b07-Abstract.html"
}