{
    "year": 2011,
    "title": "Infinite Latent SVM for Classification and Multi-task Learning",
    "authors": [
        "Jun Zhu",
        "Ning Chen",
        "Eric Xing"
    ],
    "abstract": "Unlike existing nonparametric Bayesian models, which rely solely on specially conceived priors to incorporate domain knowledge for discovering improved latent representations, we study nonparametric Bayesian inference with regularization on the desired posterior distributions. While priors can indirectly affect posterior distributions through Bayes' theorem, imposing posterior regularization is arguably more direct and in some cases can be much easier. We particularly focus on developing infinite latent support vector machines (iLSVM) and multi-task infinite latent support vector machines (MT-iLSVM), which explore the large-margin idea in combination with a nonparametric Bayesian model for discovering predictive latent features for classification and multi-task learning, respectively. We present efficient inference methods and report empirical studies on several benchmark datasets. Our results appear to demonstrate the merits inherited from both large-margin learning and Bayesian nonparametrics.",
    "pdf_url": "https://papers.nips.cc/paper_files/paper/2011/file/9f53d83ec0691550f7d2507d57f4f5a2-Paper.pdf",
    "paper_url": "https://papers.nips.cc/paper_files/paper/2011/hash/9f53d83ec0691550f7d2507d57f4f5a2-Abstract.html"
}