{
    "year": 2011,
    "title": "The Doubly Correlated Nonparametric Topic Model",
    "authors": [
        "Dae Kim",
        "Erik Sudderth"
    ],
    "abstract": "Topic models are learned via a statistical model of variation within document collections, but designed to extract meaningful semantic structure.  Desirable traits include the ability to incorporate annotations or metadata associated with documents; the discovery of correlated patterns of topic usage; and the avoidance of parametric assumptions, such as manual specification of the number of topics.  We propose a doubly correlated nonparametric topic (DCNT) model, the first model to simultaneously capture all three of these properties.  The DCNT models metadata via a flexible, Gaussian regression on arbitrary input features; correlations via a scalable square-root covariance representation; and nonparametric selection from an unbounded series of potential topics via a stick-breaking construction.  We validate the semantic structure and predictive performance of the DCNT using a corpus of NIPS documents annotated by various metadata.",
    "pdf_url": "https://papers.nips.cc/paper_files/paper/2011/file/0eec27c419d0fe24e53c90338cdc8bc6-Paper.pdf",
    "paper_url": "https://papers.nips.cc/paper_files/paper/2011/hash/0eec27c419d0fe24e53c90338cdc8bc6-Abstract.html"
}