{
    "year": 2011,
    "title": "On U-processes and clustering performance",
    "authors": [
        "St\u00e9phan Cl\u00e9men\u00e7con"
    ],
    "abstract": "Many clustering techniques aim at optimizing empirical criteria that are of the  form of a U-statistic of degree two. Given a measure of dissimilarity between  pairs of observations, the goal is to minimize the within cluster point scatter over  a class of partitions of the feature space. It is the purpose of this paper to define  a general statistical framework, relying on the theory of U-processes, for studying  the performance of such clustering methods. In this setup, under adequate  assumptions on the complexity of the subsets forming the partition candidates, the  excess of clustering risk is proved to be of the order O(1/\\sqrt{n}). Based on recent  results related to the tail behavior of degenerate U-processes, it is also shown how  to establish tighter rate bounds. Model selection issues, related to the number of  clusters forming the data partition in particular, are also considered.",
    "pdf_url": "https://papers.nips.cc/paper_files/paper/2011/file/a1d0c6e83f027327d8461063f4ac58a6-Paper.pdf",
    "paper_url": "https://papers.nips.cc/paper_files/paper/2011/hash/a1d0c6e83f027327d8461063f4ac58a6-Abstract.html"
}