{
    "year": 2011,
    "title": "Understanding the Intrinsic Memorability of Images",
    "authors": [
        "Phillip Isola",
        "Devi Parikh",
        "Antonio Torralba",
        "Aude Oliva"
    ],
    "abstract": "Artists, advertisers, and photographers are routinely presented with the task of creating an image that a viewer will remember. While it may seem like image memorability is purely subjective, recent work shows that it is not an inexplicable phenomenon: variation in memorability of images is consistent across subjects, suggesting that some images are intrinsically more memorable than others, independent of a subjects' contexts and biases. In this paper, we used the publicly available memorability dataset of Isola et al., and augmented the object and scene annotations with interpretable spatial, content, and aesthetic image properties. We used a feature-selection scheme with desirable explaining-away properties to determine a compact set of attributes that characterizes the memorability of any individual image. We find that images of enclosed spaces containing people with visible faces are memorable, while images of vistas and peaceful scenes are not. Contrary to popular belief, unusual or aesthetically pleasing scenes do not tend to be highly memorable. This work represents one of the first attempts at understanding intrinsic image memorability, and opens a new domain of investigation at the interface between human cognition and computer vision.",
    "pdf_url": "https://papers.nips.cc/paper_files/paper/2011/file/286674e3082feb7e5afb92777e48821f-Paper.pdf",
    "paper_url": "https://papers.nips.cc/paper_files/paper/2011/hash/286674e3082feb7e5afb92777e48821f-Abstract.html"
}