{
    "year": 2011,
    "title": "Sequence learning with hidden units in spiking neural networks",
    "authors": [
        "Johanni Brea",
        "Walter Senn",
        "Jean-pascal Pfister"
    ],
    "abstract": "We consider a statistical framework in which recurrent networks of spiking neurons learn to generate spatio-temporal spike patterns. Given biologically realistic stochastic neuronal dynamics we derive a tractable learning rule for the synaptic weights towards hidden and visible neurons that leads to optimal recall of the training sequences. We show that learning synaptic weights towards hidden neurons significantly improves the storing capacity of the network. Furthermore, we derive an approximate online learning rule and show that our learning rule is consistent with Spike-Timing Dependent Plasticity in that if a presynaptic spike shortly precedes a postynaptic spike, potentiation is induced and otherwise depression is elicited.",
    "pdf_url": "https://papers.nips.cc/paper_files/paper/2011/file/795c7a7a5ec6b460ec00c5841019b9e9-Paper.pdf",
    "paper_url": "https://papers.nips.cc/paper_files/paper/2011/hash/795c7a7a5ec6b460ec00c5841019b9e9-Abstract.html"
}