{
    "year": 2011,
    "title": "Object Detection with Grammar Models",
    "authors": [
        "Ross Girshick",
        "Pedro Felzenszwalb",
        "David McAllester"
    ],
    "abstract": "Compositional models provide an elegant formalism for representing the  visual appearance of highly variable objects.  While such models are  appealing from a theoretical point of view, it has been difficult to  demonstrate that they lead to performance advantages on challenging  datasets.  Here we develop a grammar model for person detection  and show that it outperforms previous high-performance systems on the  PASCAL benchmark.  Our model represents people using a hierarchy of  deformable parts, variable structure and an explicit model of  occlusion for partially visible objects.  To train the model, we  introduce a new discriminative framework for learning structured  prediction models from weakly-labeled data.",
    "pdf_url": "https://papers.nips.cc/paper_files/paper/2011/file/6faa8040da20ef399b63a72d0e4ab575-Paper.pdf",
    "paper_url": "https://papers.nips.cc/paper_files/paper/2011/hash/6faa8040da20ef399b63a72d0e4ab575-Abstract.html"
}