{
    "year": 2011,
    "title": "Beyond Spectral Clustering - Tight Relaxations of Balanced Graph Cuts",
    "authors": [
        "Matthias Hein",
        "Simon Setzer"
    ],
    "abstract": "Spectral clustering is based on the spectral relaxation of the normalized/ratio graph cut criterion. While the  spectral relaxation is known to be loose, it has been shown recently that a non-linear  eigenproblem yields a tight relaxation of the Cheeger cut.   In this paper, we extend this result considerably by providing a   characterization of all balanced graph cuts which allow for a tight relaxation. Although the resulting optimization problems are non-convex and non-smooth, we provide   an efficient first-order scheme which scales to large graphs. Moreover, our approach  comes with the quality guarantee that given any partition as initialization the   algorithm either outputs a better partition or it stops immediately.",
    "pdf_url": "https://papers.nips.cc/paper_files/paper/2011/file/193002e668758ea9762904da1a22337c-Paper.pdf",
    "paper_url": "https://papers.nips.cc/paper_files/paper/2011/hash/193002e668758ea9762904da1a22337c-Abstract.html"
}