{
    "year": 2011,
    "title": "Maximum Margin Multi-Label Structured Prediction",
    "authors": [
        "Christoph H. Lampert"
    ],
    "abstract": "We study multi-label prediction for structured output spaces, a problem that occurs, for example, in object detection in images, secondary structure prediction in computational biology, and graph matching with symmetries. Conventional multi-label classification techniques are typically not applicable in this situation, because they require explicit enumeration of the label space, which is infeasible in case of structured outputs. Relying on techniques originally designed for single- label structured prediction, in particular structured support vector machines, results in reduced prediction accuracy, or leads to infeasible optimization problems.  In this work we derive a maximum-margin training formulation for multi-label structured prediction that remains computationally tractable while achieving high prediction accuracy. It also shares most beneficial properties with single-label maximum-margin approaches, in particular a formulation as a convex optimization problem, efficient working set training, and PAC-Bayesian generalization bounds.",
    "pdf_url": "https://papers.nips.cc/paper_files/paper/2011/file/69adc1e107f7f7d035d7baf04342e1ca-Paper.pdf",
    "paper_url": "https://papers.nips.cc/paper_files/paper/2011/hash/69adc1e107f7f7d035d7baf04342e1ca-Abstract.html"
}