{
    "year": 2011,
    "title": "The Fast Convergence of Boosting",
    "authors": [
        "Matus Telgarsky"
    ],
    "abstract": "This manuscript considers the convergence rate of boosting under a large class of losses, including the exponential and logistic losses, where the best previous rate of convergence was O(exp(1/\u03b5\u00b2)).  First, it is established that the setting of weak learnability aids the entire class, granting a rate O(ln(1/\u03b5)).  Next, the (disjoint) conditions under which the infimal empirical risk is attainable are characterized in terms of the sample and weak learning class, and a new proof is given for the known rate O(ln(1/\u03b5)).  Finally, it is established that any instance can be decomposed into two smaller instances resembling the two preceding special cases, yielding a rate O(1/\u03b5), with a matching lower bound for the logistic loss.  The principal technical hurdle throughout this work is the potential unattainability of the infimal empirical risk; the technique for overcoming this barrier may be of general interest.",
    "pdf_url": "https://papers.nips.cc/paper_files/paper/2011/file/8b5040a8a5baf3e0e67386c2e3a9b903-Paper.pdf",
    "paper_url": "https://papers.nips.cc/paper_files/paper/2011/hash/8b5040a8a5baf3e0e67386c2e3a9b903-Abstract.html"
}