{
    "year": 2011,
    "title": "Approximating Semidefinite Programs in Sublinear Time",
    "authors": [
        "Dan Garber",
        "Elad Hazan"
    ],
    "abstract": "In recent years semidefinite optimization has become a tool of major importance in various optimization and machine learning problems. In many of these problems the amount of data in practice is so large that there is a constant need for faster algorithms. In this work we present the first  sublinear time approximation algorithm for semidefinite programs which we believe may be useful for such problems in which the size of data may cause even linear time algorithms to have prohibitive running times in practice. We present the algorithm and its analysis alongside with some theoretical lower bounds and an improved algorithm for the special problem of supervised learning of a distance metric.",
    "pdf_url": "https://papers.nips.cc/paper_files/paper/2011/file/2f37d10131f2a483a8dd005b3d14b0d9-Paper.pdf",
    "paper_url": "https://papers.nips.cc/paper_files/paper/2011/hash/2f37d10131f2a483a8dd005b3d14b0d9-Abstract.html"
}