{
    "year": 2011,
    "title": "Multi-View Learning of Word Embeddings via CCA",
    "authors": [
        "Paramveer Dhillon",
        "Dean P. Foster",
        "Lyle Ungar"
    ],
    "abstract": "Recently, there has been substantial interest in using large amounts of unlabeled data to learn word representations which can then be used as features in supervised classifiers for NLP tasks. However, most current approaches are slow to train, do not model context of the word, and lack theoretical grounding. In this paper, we present a new learning method, Low Rank Multi-View Learning (LR-MVL) which uses a fast spectral method to estimate  low dimensional context-specific word representations from unlabeled data. These representation features can then be used with any supervised learner. LR-MVL is extremely fast, gives guaranteed convergence to a global optimum, is theoretically elegant, and achieves state-of-the-art performance on named entity recognition (NER) and chunking problems.",
    "pdf_url": "https://papers.nips.cc/paper_files/paper/2011/file/6c4b761a28b734fe93831e3fb400ce87-Paper.pdf",
    "paper_url": "https://papers.nips.cc/paper_files/paper/2011/hash/6c4b761a28b734fe93831e3fb400ce87-Abstract.html"
}