{
    "year": 2011,
    "title": "Efficient Inference in Fully Connected CRFs with Gaussian Edge Potentials",
    "authors": [
        "Philipp Kr\u00e4henb\u00fchl",
        "Vladlen Koltun"
    ],
    "abstract": "Most state-of-the-art techniques for multi-class image segmentation and labeling use conditional random \ufb01elds de\ufb01ned over pixels or image regions. While region- level models often feature dense pairwise connectivity, pixel-level models are con- siderably larger and have only permitted sparse graph structures. In this paper, we consider fully connected CRF models de\ufb01ned on the complete set of pixels in an image. The resulting graphs have billions of edges, making traditional inference algorithms impractical. Our main contribution is a highly ef\ufb01cient approximate inference algorithm for fully connected CRF models in which the pairwise edge potentials are de\ufb01ned by a linear combination of Gaussian kernels. Our experi- ments demonstrate that dense connectivity at the pixel level substantially improves segmentation and labeling accuracy.",
    "pdf_url": "https://papers.nips.cc/paper_files/paper/2011/file/beda24c1e1b46055dff2c39c98fd6fc1-Paper.pdf",
    "paper_url": "https://papers.nips.cc/paper_files/paper/2011/hash/beda24c1e1b46055dff2c39c98fd6fc1-Abstract.html"
}