{
    "year": 2011,
    "title": "Spike and Slab Variational Inference for Multi-Task and Multiple Kernel Learning",
    "authors": [
        "Michalis Titsias",
        "Miguel L\u00e1zaro-Gredilla"
    ],
    "abstract": "We introduce a variational Bayesian inference algorithm which can be widely applied to sparse linear models. The algorithm is based on the spike and slab prior which, from a Bayesian perspective, is the golden standard for sparse inference. We apply the method to a general multi-task and multiple kernel learning model in which a common set of Gaussian process functions is linearly combined with task-specific sparse weights, thus inducing relation between tasks. This model unifies several sparse linear models, such as generalized linear models, sparse factor analysis and matrix factorization with missing values, so that the variational algorithm can be applied to all these cases. We demonstrate our approach in multi-output Gaussian process regression, multi-class classification, image processing applications and collaborative filtering.",
    "pdf_url": "https://papers.nips.cc/paper_files/paper/2011/file/b495ce63ede0f4efc9eec62cb947c162-Paper.pdf",
    "paper_url": "https://papers.nips.cc/paper_files/paper/2011/hash/b495ce63ede0f4efc9eec62cb947c162-Abstract.html"
}