{
    "year": 2011,
    "title": "An Unsupervised Decontamination Procedure For Improving The Reliability Of Human Judgments",
    "authors": [
        "Michael C. Mozer",
        "Benjamin Link",
        "Harold Pashler"
    ],
    "abstract": "Psychologists have long been struck by individuals' limitations in expressing their internal sensations, impressions, and evaluations via rating scales.  Instead of using an absolute scale, individuals rely on reference points from recent experience.  Thisrelativity of judgmentlimits  the informativeness of responses on surveys, questionnaires, and evaluation forms. Fortunately, the cognitive processes that map stimuli to responses are not simply noisy, but rather are influenced by recent experience in a lawful manner.  We explore techniques to remove sequential dependencies, and therebydecontaminatea series of ratings to obtain more meaningful human  judgments.  In our formulation, the problem is to infer latent (subjective) impressions from a sequence of stimulus labels (e.g., movie names) and responses.  We describe an unsupervised approach that simultaneously recovers  the impressions and parameters of a contamination model that predicts how  recent judgments affect the current response.  We test ouriterated  impression inference, or I^3, algorithm in three domains:  rating the gap between dots, the desirability of a movie based on an advertisement, and the morality of an action. We demonstrate significant objective improvements  in the quality of the recovered impressions.",
    "pdf_url": "https://papers.nips.cc/paper_files/paper/2011/file/f33ba15effa5c10e873bf3842afb46a6-Paper.pdf",
    "paper_url": "https://papers.nips.cc/paper_files/paper/2011/hash/f33ba15effa5c10e873bf3842afb46a6-Abstract.html"
}