{
    "year": 2011,
    "title": "Maximal Cliques that Satisfy Hard Constraints with Application to Deformable Object Model Learning",
    "authors": [
        "Xinggang Wang",
        "Xiang Bai",
        "Xingwei Yang",
        "Wenyu Liu",
        "Longin Latecki"
    ],
    "abstract": "We propose a novel inference framework for finding maximal cliques in a weighted graph that satisfy hard constraints.  The constraints specify the graph nodes that must belong to the solution as well as mutual exclusions of graph nodes, i.e., sets of nodes that cannot belong to the same solution.  The proposed inference is based on a novel particle filter algorithm with state permeations. We apply the inference framework to a challenging problem of learning part-based, deformable object models. Two core problems in the learning framework, matching of image patches and finding salient parts, are formulated as two instances of the problem of finding maximal cliques with hard constraints. Our learning framework yields discriminative part based object models that achieve very good detection rate, and outperform other methods on object classes with large deformation.",
    "pdf_url": "https://papers.nips.cc/paper_files/paper/2011/file/e6b4b2a746ed40e1af829d1fa82daa10-Paper.pdf",
    "paper_url": "https://papers.nips.cc/paper_files/paper/2011/hash/e6b4b2a746ed40e1af829d1fa82daa10-Abstract.html"
}