{
    "year": 2011,
    "title": "Adaptive Hedge",
    "authors": [
        "Tim Erven",
        "Wouter M. Koolen",
        "Steven Rooij",
        "Peter Gr\u00fcnwald"
    ],
    "abstract": "Most methods for decision-theoretic online learning are based on the Hedge algorithm, which takes a parameter called the learning rate. In most previous analyses the learning rate was carefully tuned to obtain optimal worst-case performance, leading to suboptimal performance on easy instances, for example when there exists an action that is significantly better than all others. We propose a new way of setting the learning rate, which adapts to the difficulty of the learning problem: in the worst case our procedure still guarantees optimal performance, but on easy instances it achieves much smaller regret. In particular, our adaptive method achieves constant regret in a probabilistic setting, when there exists an action that on average obtains strictly smaller loss than all other actions. We also provide a simulation study comparing our approach to existing methods.",
    "pdf_url": "https://papers.nips.cc/paper_files/paper/2011/file/64223ccf70bbb65a3a4aceac37e21016-Paper.pdf",
    "paper_url": "https://papers.nips.cc/paper_files/paper/2011/hash/64223ccf70bbb65a3a4aceac37e21016-Abstract.html"
}