{
    "year": 2011,
    "title": "An Exact Algorithm for F-Measure Maximization",
    "authors": [
        "Krzysztof Dembczynski",
        "Willem Waegeman",
        "Weiwei Cheng",
        "Eyke H\u00fcllermeier"
    ],
    "abstract": "The F-measure, originally introduced in information retrieval, is nowadays routinely used as a performance metric for problems such as binary classification, multi-label classification, and structured output prediction. Optimizing this measure remains a statistically and computationally challenging problem, since no closed-form maximizer exists. Current algorithms are approximate and typically rely on additional assumptions regarding the statistical distribution of the binary response variables. In this paper, we present an algorithm which is not only computationally efficient but also exact, regardless of the underlying distribution. The algorithm requires only a quadratic number of parameters of the joint distribution  (with respect to the number of binary responses). We illustrate its practical performance by means of experimental results for multi-label classification.",
    "pdf_url": "https://papers.nips.cc/paper_files/paper/2011/file/71ad16ad2c4d81f348082ff6c4b20768-Paper.pdf",
    "paper_url": "https://papers.nips.cc/paper_files/paper/2011/hash/71ad16ad2c4d81f348082ff6c4b20768-Abstract.html"
}