{
    "year": 2011,
    "title": "High-Dimensional Graphical Model Selection: Tractable Graph Families and Necessary Conditions",
    "authors": [
        "Animashree Anandkumar",
        "Vincent Tan",
        "Alan Willsky"
    ],
    "abstract": "We consider the problem of Ising and Gaussian graphical model selection given n i.i.d. samples from the model. We propose an efficient threshold-based algorithm   for structure estimation based known as  conditional mutual information test. This simple local algorithm    requires only low-order statistics of the data and decides    whether  two nodes   are neighbors in the unknown graph. Under some transparent assumptions, we establish that the proposed algorithm is structurally consistent (or sparsistent)  when the number of samples scales as n= Omega(J{min}^{-4} log p), where p is the number of nodes and J{min} is the minimum edge potential.  We also prove novel non-asymptotic necessary conditions for graphical model selection.",
    "pdf_url": "https://papers.nips.cc/paper_files/paper/2011/file/5055cbf43fac3f7e2336b27310f0b9ef-Paper.pdf",
    "paper_url": "https://papers.nips.cc/paper_files/paper/2011/hash/5055cbf43fac3f7e2336b27310f0b9ef-Abstract.html"
}