{
    "year": 2011,
    "title": "Boosting with Maximum Adaptive Sampling",
    "authors": [
        "Charles Dubout",
        "Francois Fleuret"
    ],
    "abstract": "Classical Boosting algorithms, such as AdaBoost, build a strong classifier without concern about the computational cost.  Some applications, in particular in computer vision, may involve up to millions of training examples and features.  In such contexts, the training time may become prohibitive.  Several methods exist to accelerate training, typically either by sampling the features, or the examples, used to train the weak learners.  Even if those methods can precisely quantify the speed improvement they deliver, they offer no guarantee of being more efficient than any other, given the same amount of time.    This paper aims at shading some light on this problem, i.e. given a fixed amount of time, for a particular problem, which strategy is optimal in order to reduce the training loss the most.  We apply this analysis to the design of new algorithms which estimate on the fly at every iteration the optimal trade-off between the number of samples and the number of features to look at in order to maximize the expected loss reduction.  Experiments in object recognition with two standard computer vision data-sets show that the adaptive methods we propose outperform basic sampling and state-of-the-art bandit methods.",
    "pdf_url": "https://papers.nips.cc/paper_files/paper/2011/file/8c6744c9d42ec2cb9e8885b54ff744d0-Paper.pdf",
    "paper_url": "https://papers.nips.cc/paper_files/paper/2011/hash/8c6744c9d42ec2cb9e8885b54ff744d0-Abstract.html"
}