{
    "year": 2011,
    "title": "Structured Learning for Cell Tracking",
    "authors": [
        "Xinghua Lou",
        "Fred A. Hamprecht"
    ],
    "abstract": "We study the problem of learning to track a large quantity of homogeneous objects such as cell tracking in cell culture study and developmental biology. Reliable cell tracking in time-lapse microscopic image sequences is important for modern biomedical research. Existing cell tracking methods are usually kept simple and use only a small number of features to allow for manual parameter tweaking or grid search. We propose a structured learning approach that allows to learn optimum parameters automatically from a training set. This allows for the use of a richer set of features which in turn affords improved tracking compared to recently reported methods on two public benchmark sequences.",
    "pdf_url": "https://papers.nips.cc/paper_files/paper/2011/file/959a557f5f6beb411fd954f3f34b21c3-Paper.pdf",
    "paper_url": "https://papers.nips.cc/paper_files/paper/2011/hash/959a557f5f6beb411fd954f3f34b21c3-Abstract.html"
}