{
    "year": 2011,
    "title": "Linearized Alternating Direction Method with Adaptive Penalty for Low-Rank Representation",
    "authors": [
        "Zhouchen Lin",
        "Risheng Liu",
        "Zhixun Su"
    ],
    "abstract": "Many machine learning and signal processing problems can be formulated as linearly constrained convex programs, which could be efficiently solved by the alternating direction method (ADM). However, usually the subproblems in ADM are easily solvable only when the linear mappings in the constraints are identities. To address this issue, we propose a linearized ADM (LADM) method by linearizing the quadratic penalty term and adding a proximal term when solving the subproblems. For fast convergence, we also allow the penalty to change adaptively according a novel update rule. We prove the global convergence of LADM with adaptive penalty (LADMAP). As an example, we apply LADMAP to solve low-rank representation (LRR), which is an important subspace clustering technique yet suffers from high computation cost. By combining LADMAP with a skinny SVD representation technique, we are able to reduce the complexity $O(n^3)$  of the original ADM based method to $O(rn^2)$, where $r$ and $n$ are the rank and size of the representation matrix, respectively, hence making LRR possible for large scale applications. Numerical experiments verify that for LRR our LADMAP based methods are much faster than state-of-the-art algorithms.",
    "pdf_url": "https://papers.nips.cc/paper_files/paper/2011/file/18997733ec258a9fcaf239cc55d53363-Paper.pdf",
    "paper_url": "https://papers.nips.cc/paper_files/paper/2011/hash/18997733ec258a9fcaf239cc55d53363-Abstract.html"
}