{
    "year": 2011,
    "title": "Sparse Filtering",
    "authors": [
        "Jiquan Ngiam",
        "Zhenghao Chen",
        "Sonia Bhaskar",
        "Pang Koh",
        "Andrew Ng"
    ],
    "abstract": "Unsupervised feature learning has been shown to be effective at learning representations that perform well on image, video and audio classification. However, many existing feature learning algorithms are hard to use and require extensive hyperparameter tuning. In this work, we present sparse filtering, a simple new algorithm which is efficient and only has one hyperparameter, the number of features to learn.  In contrast to most other feature learning methods, sparse filtering does not explicitly attempt to construct a model of the data distribution. Instead, it optimizes a simple cost function -- the sparsity of L2-normalized features -- which can easily be implemented in a few lines of MATLAB code. Sparse filtering scales gracefully to handle high-dimensional inputs, and can also be used to learn meaningful features in additional layers with greedy layer-wise stacking. We evaluate sparse filtering on natural images, object classification (STL-10), and phone classification (TIMIT), and show that our method works well on a range of different modalities.",
    "pdf_url": "https://papers.nips.cc/paper_files/paper/2011/file/192fc044e74dffea144f9ac5dc9f3395-Paper.pdf",
    "paper_url": "https://papers.nips.cc/paper_files/paper/2011/hash/192fc044e74dffea144f9ac5dc9f3395-Abstract.html"
}