{
    "year": 2011,
    "title": "A blind sparse deconvolution method for neural spike identification",
    "authors": [
        "Chaitanya Ekanadham",
        "Daniel Tranchina",
        "Eero Simoncelli"
    ],
    "abstract": "We consider the problem of estimating neural spikes from extracellular voltage recordings. Most current methods are based on clustering, which requires substantial human supervision and produces systematic errors by failing to properly handle temporally overlapping spikes. We formulate the problem as one of statistical inference, in which the recorded voltage is a noisy sum of the spike trains of each neuron convolved with its associated spike waveform.  Joint maximum-a-posteriori (MAP) estimation of the waveforms and spikes is then a blind deconvolution problem in which the coefficients are sparse. We develop a block-coordinate descent method for approximating the MAP solution.  We validate our method on data simulated according to the generative model, as well as on real data for which ground truth is available via simultaneous intracellular recordings. In both cases, our method substantially reduces the number of missed spikes and false positives when compared to a standard clustering algorithm, primarily by recovering temporally overlapping spikes.  The method offers a fully automated alternative to clustering methods that is less susceptible to systematic errors.",
    "pdf_url": "https://papers.nips.cc/paper_files/paper/2011/file/e0ec453e28e061cc58ac43f91dc2f3f0-Paper.pdf",
    "paper_url": "https://papers.nips.cc/paper_files/paper/2011/hash/e0ec453e28e061cc58ac43f91dc2f3f0-Abstract.html"
}