{
    "year": 2011,
    "title": "Sparse Manifold Clustering and Embedding",
    "authors": [
        "Ehsan Elhamifar",
        "Ren\u00e9 Vidal"
    ],
    "abstract": "We propose an algorithm called Sparse Manifold Clustering and Embedding (SMCE) for simultaneous clustering and dimensionality reduction of data lying in multiple nonlinear manifolds. Similar to most dimensionality reduction methods, SMCE finds a small neighborhood around each data point and connects each point to its neighbors with appropriate weights. The key difference is that SMCE finds both the neighbors and the weights automatically. This is done by solving a sparse optimization problem, which encourages selecting nearby points that lie in the same manifold and approximately span a low-dimensional affine subspace. The optimal solution encodes information that can be used for clustering and dimensionality reduction using spectral clustering and embedding. Moreover, the size of the optimal neighborhood of a data point, which can be different for different points, provides an estimate of the dimension of the manifold to which the point belongs. Experiments demonstrate that our method can effectively handle multiple manifolds that are very close to each other, manifolds with non-uniform sampling and holes, as well as estimate the intrinsic dimensions of the manifolds.",
    "pdf_url": "https://papers.nips.cc/paper_files/paper/2011/file/fc490ca45c00b1249bbe3554a4fdf6fb-Paper.pdf",
    "paper_url": "https://papers.nips.cc/paper_files/paper/2011/hash/fc490ca45c00b1249bbe3554a4fdf6fb-Abstract.html"
}