{
    "year": 2011,
    "title": "A Machine Learning Approach to Predict Chemical Reactions",
    "authors": [
        "Matthew Kayala",
        "Pierre Baldi"
    ],
    "abstract": "Being able to predict the course of arbitrary chemical reactions is essential to the theory and applications of organic chemistry. Previous approaches are not high-throughput, are not generalizable or scalable, or lack sufficient data to be effective. We describe single mechanistic reactions as concerted electron movements from an electron orbital source to an electron orbital sink. We use an existing rule-based expert system to derive a dataset consisting of 2,989 productive mechanistic steps and 6.14 million non-productive mechanistic steps. We then pose identifying productive mechanistic steps as a ranking problem: rank potential orbital interactions such that the top ranked interactions yield the major products. The machine learning implementation follows a two-stage approach, in which we first train atom level reactivity filters to prune 94.0% of non-productive reactions with less than a 0.1% false negative rate. Then, we train an ensemble of ranking models on pairs of interacting orbitals to learn a relative productivity function over single mechanistic reactions in a given system. Without the use of explicit transformation patterns, the ensemble perfectly ranks the productive mechanisms at the top 89.1% of the time, rising to 99.9% of the time when top ranked lists with at most four non-productive reactions are considered. The final system allows multi-step reaction prediction. Furthermore, it is generalizable, making reasonable predictions over reactants and conditions which the rule-based expert system does not handle.",
    "pdf_url": "https://papers.nips.cc/paper_files/paper/2011/file/b337e84de8752b27eda3a12363109e80-Paper.pdf",
    "paper_url": "https://papers.nips.cc/paper_files/paper/2011/hash/b337e84de8752b27eda3a12363109e80-Abstract.html"
}