{
    "year": 2011,
    "title": "On the accuracy of l1-filtering of signals with block-sparse structure",
    "authors": [
        "Fatma Karzan",
        "Arkadi S. Nemirovski",
        "Boris Polyak",
        "Anatoli Juditsky"
    ],
    "abstract": "We discuss new methods for the recovery of signals with block-sparse structure, based on l1-minimization. Our emphasis is on the efficiently computable error bounds for the recovery routines. We optimize these bounds with respect to the method parameters to construct the estimators with improved statistical properties. We justify the proposed approach with an oracle inequality which links the properties of the recovery algorithms and the best estimation performance.",
    "pdf_url": "https://papers.nips.cc/paper_files/paper/2011/file/e995f98d56967d946471af29d7bf99f1-Paper.pdf",
    "paper_url": "https://papers.nips.cc/paper_files/paper/2011/hash/e995f98d56967d946471af29d7bf99f1-Abstract.html"
}