{
    "title": "A Bayesian Analysis of Dynamics in Free Recall",
    "authors": [
        "Richard Socher",
        "Samuel Gershman",
        "Per Sederberg",
        "Kenneth Norman",
        "Adler Perotte",
        "David Blei"
    ],
    "abstract": "We develop a probabilistic model of human memory performance in free recall experiments. In these experiments, a subject first studies a list of words and then tries to recall them.  To model these data, we draw on both previous psychological research and statistical topic models of text documents.  We assume that memories are formed by assimilating the semantic meaning of studied words (represented as a distribution over topics) into a slowly changing latent context (represented in the same space).  During recall, this context is reinstated and used as a cue for retrieving studied words.  By conceptualizing memory retrieval as a dynamic latent variable model, we are able to use Bayesian inference to represent uncertainty and reason about the cognitive processes underlying memory.  We present a particle filter algorithm for performing approximate posterior inference, and evaluate our model on the prediction of recalled words in experimental data. By specifying the model hierarchically, we are also able to capture inter-subject variability.",
    "pdf_url": "https://papers.nips.cc/paper_files/paper/2009/file/efe937780e95574250dabe07151bdc23-Paper.pdf",
    "paper_url": "https://papers.nips.cc/paper_files/paper/2009/hash/efe937780e95574250dabe07151bdc23-Abstract.html"
}