{
    "title": "A Denoising View of Matrix Completion",
    "authors": [
        "Weiran Wang",
        "Miguel Carreira-Perpi\u00f1\u00e1n",
        "Zhengdong Lu"
    ],
    "abstract": "In matrix completion, we are given a matrix where the values of only some of the entries are present, and we want to reconstruct the missing ones. Much work has focused on the assumption that the data matrix has low rank. We propose a more general assumption based on denoising, so that we expect that the value of a missing entry can be predicted from the values of neighboring points. We propose a nonparametric version of denoising based on local, iterated averaging with mean-shift, possibly constrained to preserve local low-rank manifold structure. The few user parameters required (the denoising scale, number of neighbors and local dimensionality) and the number of iterations can be estimated by cross-validating the reconstruction error. Using our algorithms as a postprocessing step on an initial reconstruction (provided by e.g. a low-rank method), we show consistent improvements with synthetic, image and motion-capture data.",
    "pdf_url": "https://papers.nips.cc/paper_files/paper/2011/file/38db3aed920cf82ab059bfccbd02be6a-Paper.pdf",
    "paper_url": "https://papers.nips.cc/paper_files/paper/2011/hash/38db3aed920cf82ab059bfccbd02be6a-Abstract.html"
}