{
    "title": "A Discriminative Latent Model of Image Region and Object Tag Correspondence",
    "authors": [
        "Yang Wang",
        "Greg Mori"
    ],
    "abstract": "We propose a discriminative latent model for annotating images with unaligned object-level textual annotations. Instead of using the bag-of-words image representation currently popular in the computer vision community, our model explicitly captures more intricate relationships underlying visual and textual information. In particular, we model the mapping that translates image regions to annotations. This mapping allows us to relate image regions to their corresponding annotation terms. We also model the overall scene label as latent information. This allows us to cluster test images. Our training data consist of images and their associated annotations. But we do not have access to the ground-truth region-to-annotation mapping or the overall scene label. We develop a novel variant of the latent SVM framework to model them as latent variables. Our experimental results demonstrate the effectiveness of the proposed model compared with other baseline methods.",
    "pdf_url": "https://papers.nips.cc/paper_files/paper/2010/file/e2ef524fbf3d9fe611d5a8e90fefdc9c-Paper.pdf",
    "paper_url": "https://papers.nips.cc/paper_files/paper/2010/hash/e2ef524fbf3d9fe611d5a8e90fefdc9c-Abstract.html"
}