{
    "title": "A Global Structural EM Algorithm for a Model of Cancer Progression",
    "authors": [
        "Ali Tofigh",
        "Erik Sj\u0326lund",
        "Mattias H\u0326glund",
        "Jens Lagergren"
    ],
    "abstract": "Cancer has complex patterns of progression that include converging as  well as diverging progressional pathways. Vogelstein's path model of  colon cancer was a pioneering contribution to cancer research.  Since  then, several attempts have been made at obtaining mathematical models  of cancer progression, devising learning algorithms, and applying  these to cross-sectional data. Beerenwinkel {\\em et al.}  provided,  what they coined, EM-like algorithms for Oncogenetic Trees (OTs) and  mixtures of such. Given the small size of current and future data  sets, it is important to minimize the number of parameters of a  model. For this reason, we too focus on tree-based models and  introduce Hidden-variable Oncogenetic Trees (HOTs). In contrast to  OTs, HOTs allow for errors in the data and thereby provide more  realistic modeling. We also design global structural EM algorithms for  learning HOTs and mixtures of HOTs (HOT-mixtures). The algorithms are  global in the sense that, during the M-step, they find a structure  that yields a global maximum of the expected complete log-likelihood  rather than merely one that improves it. The algorithm for single HOTs  performs very well on reasonable-sized data sets, while that for  HOT-mixtures requires data sets of sizes obtainable only with  tomorrow's more cost-efficient technologies.",
    "pdf_url": "https://papers.nips.cc/paper_files/paper/2011/file/9b8619251a19057cff70779273e95aa6-Paper.pdf",
    "paper_url": "https://papers.nips.cc/paper_files/paper/2011/hash/9b8619251a19057cff70779273e95aa6-Abstract.html"
}