{
    "title": "A POMDP Extension with Belief-dependent Rewards",
    "authors": [
        "Mauricio Araya",
        "Olivier Buffet",
        "Vincent Thomas",
        "Fran\u00e7cois Charpillet"
    ],
    "abstract": "Partially Observable Markov Decision Processes (POMDPs) model sequential decision-making problems under uncertainty and partial observability. Unfortunately, some problems cannot be modeled with state-dependent reward functions, e.g., problems whose objective explicitly implies reducing the uncertainty on the state. To that end, we introduce rho-POMDPs, an extension of POMDPs where the reward function rho depends on the belief state. We show that, under the common assumption that rho is convex, the value function is also convex, what makes it possible to (1) approximate rho arbitrarily well with a piecewise linear and convex (PWLC) function, and (2) use state-of-the-art exact or approximate solving algorithms with limited changes.",
    "pdf_url": "https://papers.nips.cc/paper_files/paper/2010/file/68053af2923e00204c3ca7c6a3150cf7-Paper.pdf",
    "paper_url": "https://papers.nips.cc/paper_files/paper/2010/hash/68053af2923e00204c3ca7c6a3150cf7-Abstract.html"
}