{
    "title": "A unified model of short-range and long-range motion perception",
    "authors": [
        "Shuang Wu",
        "Xuming He",
        "Hongjing Lu",
        "Alan L. Yuille"
    ],
    "abstract": "The human vision system is able to effortlessly perceive both short-range and long-range motion patterns in complex dynamic scenes. Previous work has assumed that two different mechanisms are involved in processing these two types of motion. In this paper, we propose a hierarchical model as a unified framework for modeling both short-range and long-range motion perception. Our model consists of two key components: a data likelihood that proposes multiple motion hypotheses using nonlinear matching, and a hierarchical prior that imposes slowness and spatial smoothness constraints on the motion field at multiple scales. We tested our model on two types of stimuli, random dot kinematograms and multiple-aperture stimuli, both commonly used in human vision research. We demonstrate that the hierarchical model adequately accounts for human performance in psychophysical experiments.",
    "pdf_url": "https://papers.nips.cc/paper_files/paper/2010/file/a50abba8132a77191791390c3eb19fe7-Paper.pdf",
    "paper_url": "https://papers.nips.cc/paper_files/paper/2010/hash/a50abba8132a77191791390c3eb19fe7-Abstract.html"
}