{
    "title": "Accelerated Adaptive Markov Chain for Partition Function Computation",
    "authors": [
        "Stefano Ermon",
        "Carla P. Gomes",
        "Ashish Sabharwal",
        "Bart Selman"
    ],
    "abstract": "We propose a novel Adaptive Markov Chain Monte Carlo algorithm to  compute the partition function. In particular, we show how to  accelerate a flat histogram sampling technique by significantly  reducing the number of ``null moves'' in the chain, while maintaining  asymptotic convergence properties. Our experiments show that our  method converges quickly to highly accurate solutions on a range of  benchmark instances, outperforming other state-of-the-art methods such  as IJGP, TRW, and Gibbs sampling both in run-time and accuracy. We  also show how obtaining a so-called density of states distribution  allows for efficient weight learning in Markov Logic theories.",
    "pdf_url": "https://papers.nips.cc/paper_files/paper/2011/file/7fb8ceb3bd59c7956b1df66729296a4c-Paper.pdf",
    "paper_url": "https://papers.nips.cc/paper_files/paper/2011/hash/7fb8ceb3bd59c7956b1df66729296a4c-Abstract.html"
}