{
    "title": "Accelerating Bayesian Inference over Nonlinear Differential Equations with Gaussian Processes",
    "authors": [
        "Ben Calderhead",
        "Mark Girolami",
        "Neil Lawrence"
    ],
    "abstract": "Identification and comparison of nonlinear dynamical systems using noisy and sparse experimental data is a vital task in many fields, however current methods are computationally expensive and prone to error due in part to the nonlinear nature of the likelihood surfaces induced. We present an accelerated sampling procedure which enables Bayesian inference of parameters in nonlinear ordinary and delay differential equations via the novel use of Gaussian processes (GP). Our method involves GP regression over time-series data, and the resulting derivative and time delay estimates make parameter inference possible without solving the dynamical system explicitly, resulting in dramatic savings of computational time. We demonstrate the speed and statistical accuracy of our approach using examples of both ordinary and delay differential equations, and provide a comprehensive comparison with current state of the art methods.",
    "pdf_url": "https://papers.nips.cc/paper_files/paper/2008/file/07563a3fe3bbe7e3ba84431ad9d055af-Paper.pdf",
    "paper_url": "https://papers.nips.cc/paper_files/paper/2008/hash/07563a3fe3bbe7e3ba84431ad9d055af-Abstract.html"
}