{
    "title": "Active Preference Learning with Discrete Choice Data",
    "authors": [
        "Brochu Eric",
        "Nando Freitas",
        "Abhijeet Ghosh"
    ],
    "abstract": "We propose an active learning algorithm that learns a continuous valuation model from discrete preferences. The algorithm automatically decides what items are best presented to an individual in order to find the item that they value highly in as few trials as possible, and exploits quirks of human psychology to minimize time and cognitive burden. To do this, our algorithm maximizes the expected improvement at each query without accurately modelling the entire valuation surface, which would be needlessly expensive. The problem is particularly difficult because the space of choices is infinite. We demonstrate the effectiveness of the new algorithm compared to related active learning methods. We also embed the algorithm within a decision making tool for assisting digital artists in rendering materials. The tool finds the best parameters while minimizing the number of queries.",
    "pdf_url": "https://papers.nips.cc/paper_files/paper/2007/file/b6a1085a27ab7bff7550f8a3bd017df8-Paper.pdf",
    "paper_url": "https://papers.nips.cc/paper_files/paper/2007/hash/b6a1085a27ab7bff7550f8a3bd017df8-Abstract.html"
}