{
    "title": "Active Learning Applied to Patient-Adaptive Heartbeat Classification",
    "authors": [
        "Jenna Wiens",
        "John Guttag"
    ],
    "abstract": "While clinicians can accurately identify different types of heartbeats in electrocardiograms (ECGs) from different patients, researchers have had limited success in applying supervised machine learning to the same task. The problem is made challenging by the variety of tasks, inter- and intra-patient differences, an often severe class imbalance, and the high cost of getting cardiologists to label data for individual patients. We address these difficulties using active learning to perform patient-adaptive and task-adaptive heartbeat classification. When tested on a benchmark database of cardiologist annotated ECG recordings, our method had considerably better performance than other recently proposed methods on the two primary classification tasks recommended by the Association for the Advancement of Medical Instrumentation. Additionally, our method required over 90% less patient-specific training data than the methods to which we compared it.",
    "pdf_url": "https://papers.nips.cc/paper_files/paper/2010/file/d93ed5b6db83be78efb0d05ae420158e-Paper.pdf",
    "paper_url": "https://papers.nips.cc/paper_files/paper/2010/hash/d93ed5b6db83be78efb0d05ae420158e-Abstract.html"
}