{
    "title": "Adaptive Multi-Task Lasso: with Application to eQTL Detection",
    "authors": [
        "Seunghak Lee",
        "Jun Zhu",
        "Eric Xing"
    ],
    "abstract": "To understand the relationship between genomic variations among population and complex diseases, it is essential to detect eQTLs which are associated with phenotypic effects. However, detecting eQTLs remains a challenge due to complex underlying mechanisms and the very large number of genetic loci involved compared to the number of samples. Thus, to address the problem, it is desirable to take advantage of the structure of the data and prior information about genomic locations such as conservation scores and transcription factor binding sites.  In this paper, we propose a novel regularized regression approach for detecting eQTLs which takes into account related traits simultaneously while incorporating many regulatory features. We first present a Bayesian network for a multi-task learning problem that includes priors on SNPs, making it possible to estimate the significance of each covariate adaptively. Then we find the maximum a posteriori (MAP) estimation of regression coefficients and estimate weights of covariates jointly. This optimization procedure is efficient since it can be achieved by using convex optimization and a coordinate descent procedure iteratively. Experimental results on simulated and real yeast datasets confirm that our model outperforms previous methods for finding eQTLs.",
    "pdf_url": "https://papers.nips.cc/paper_files/paper/2010/file/3cf166c6b73f030b4f67eeaeba301103-Paper.pdf",
    "paper_url": "https://papers.nips.cc/paper_files/paper/2010/hash/3cf166c6b73f030b4f67eeaeba301103-Abstract.html"
}