{
    "title": "Adaptive Forward-Backward Greedy Algorithm for Sparse Learning with Linear Models",
    "authors": [
        "Tong Zhang"
    ],
    "abstract": "Consider linear prediction models where the target function is a sparse linear combination of a set of basis functions. We are interested in the problem of identifying those basis functions with non-zero coefficients and reconstructing the target function from noisy observations. Two heuristics that are widely used in practice are forward and backward greedy algorithms. First, we show that neither idea is adequate. Second, we propose a novel combination that is based on the forward greedy algorithm but takes backward steps adaptively whenever beneficial. We prove strong theoretical results showing that this procedure is effective in learning sparse representations. Experimental results support our theory.",
    "pdf_url": "https://papers.nips.cc/paper_files/paper/2008/file/7380ad8a673226ae47fce7bff88e9c33-Paper.pdf",
    "paper_url": "https://papers.nips.cc/paper_files/paper/2008/hash/7380ad8a673226ae47fce7bff88e9c33-Abstract.html"
}