{
    "title": "Agnostic Active Learning Without Constraints",
    "authors": [
        "Alina Beygelzimer",
        "Daniel J. Hsu",
        "John Langford",
        "Tong Zhang"
    ],
    "abstract": "We present and analyze an agnostic active learning algorithm that works without keeping a version space. This is unlike all previous approaches where a restricted set of candidate hypotheses is maintained throughout learning, and only hypotheses from this set are ever returned. By avoiding this version space approach, our algorithm sheds the computational burden and brittleness associated with maintaining version spaces, yet still allows for substantial improvements over supervised learning for classification.",
    "pdf_url": "https://papers.nips.cc/paper_files/paper/2010/file/00411460f7c92d2124a67ea0f4cb5f85-Paper.pdf",
    "paper_url": "https://papers.nips.cc/paper_files/paper/2010/hash/00411460f7c92d2124a67ea0f4cb5f85-Abstract.html"
}