{
    "title": "An analysis on negative curvature induced by singularity in multi-layer neural-network learning",
    "authors": [
        "Eiji Mizutani",
        "Stuart Dreyfus"
    ],
    "abstract": "In the neural-network parameter space,  an attractive field is likely to be induced by singularities. In such a singularity region, first-order gradient learning typically causes a long plateau with very little change  in the objective function value E (hence, a flat region). Therefore, it may be confused with ``attractive'' local minima. Our analysis shows that the Hessian matrix of E tends to be indefinite in the vicinity of (perturbed) singular points, suggesting a promising strategy that exploits negative curvature so as to escape from the singularity plateaus. For numerical evidence, we limit the scope to small examples (some of which are found in journal papers)  that allow us to confirm singularities and the eigenvalues of the Hessian matrix, and for which computation using a descent direction of negative curvature encounters no plateau.  Even for those small problems, no efficient methods have been previously developed that avoided plateaus.",
    "pdf_url": "https://papers.nips.cc/paper_files/paper/2010/file/a9b7ba70783b617e9998dc4dd82eb3c5-Paper.pdf",
    "paper_url": "https://papers.nips.cc/paper_files/paper/2010/hash/a9b7ba70783b617e9998dc4dd82eb3c5-Abstract.html"
}