{
    "title": "An Analysis of Inference with the Universum",
    "authors": [
        "Olivier Chapelle",
        "Alekh Agarwal",
        "Fabian Sinz",
        "Bernhard Sch\u00f6lkopf"
    ],
    "abstract": "We study a pattern classi\ufb01cation algorithm which has recently been proposed by Vapnik and coworkers. It builds on a new inductive principle which assumes that in addition to positive and negative data, a third class of data is available, termed the Universum. We assay the behavior of the algorithm by establishing links with Fisher discriminant analysis and oriented PCA, as well as with an SVM in a pro- jected subspace (or, equivalently, with a data-dependent reduced kernel). We also provide experimental results.",
    "pdf_url": "https://papers.nips.cc/paper_files/paper/2007/file/a8e864d04c95572d1aece099af852d0a-Paper.pdf",
    "paper_url": "https://papers.nips.cc/paper_files/paper/2007/hash/a8e864d04c95572d1aece099af852d0a-Abstract.html"
}