{
    "title": "An Empirical Analysis of Domain Adaptation Algorithms for Genomic Sequence Analysis",
    "authors": [
        "Gabriele Schweikert",
        "Gunnar R\u00e4tsch",
        "Christian Widmer",
        "Bernhard Sch\u00f6lkopf"
    ],
    "abstract": "We study the problem of domain transfer for a supervised classification task in mRNA splicing. We consider a number of recent domain transfer methods from machine learning, including some that are novel, and evaluate them on genomic sequence data from model organisms of varying evolutionary distance. We find that in cases where the organisms are not closely related, the use of domain adaptation methods can help improve classification performance.",
    "pdf_url": "https://papers.nips.cc/paper_files/paper/2008/file/087408522c31eeb1f982bc0eaf81d35f-Paper.pdf",
    "paper_url": "https://papers.nips.cc/paper_files/paper/2008/hash/087408522c31eeb1f982bc0eaf81d35f-Abstract.html"
}