{
    "title": "Analysis and Improvement of Policy Gradient Estimation",
    "authors": [
        "Tingting Zhao",
        "Hirotaka Hachiya",
        "Gang Niu",
        "Masashi Sugiyama"
    ],
    "abstract": "Policy gradient is a useful model-free reinforcement learning approach,  but it tends to suffer from instability of gradient estimates.  In this paper, we analyze and improve the stability of policy gradient methods. We first prove that the variance of gradient estimates in the PGPE(policy gradients with parameter-based exploration) method is smaller than that of the classical REINFORCE method under a mild assumption.  We then derive the optimal baseline for PGPE, which contributes to further reducing the variance.  We also theoretically show that PGPE with the optimal baseline is more preferable than REINFORCE with the optimal baseline in terms of the variance of gradient estimates.  Finally, we demonstrate the usefulness of the improved PGPE method through experiments.",
    "pdf_url": "https://papers.nips.cc/paper_files/paper/2011/file/85d8ce590ad8981ca2c8286f79f59954-Paper.pdf",
    "paper_url": "https://papers.nips.cc/paper_files/paper/2011/hash/85d8ce590ad8981ca2c8286f79f59954-Abstract.html"
}