{
    "title": "Bayesian estimation of orientation preference maps",
    "authors": [
        "Sebastian Gerwinn",
        "Leonard White",
        "Matthias Kaschube",
        "Matthias Bethge",
        "Jakob H. Macke"
    ],
    "abstract": "Imaging techniques such as optical imaging of intrinsic signals, 2-photon calcium imaging and voltage sensitive dye imaging can be used to measure the functional organization of visual cortex across different spatial scales. Here, we present Bayesian methods based on Gaussian processes for extracting topographic maps from functional imaging data.  In particular, we focus on the estimation of orientation preference maps (OPMs) from intrinsic signal imaging data.  We model the underlying map as a bivariate Gaussian process, with a prior covariance function that reflects known properties of OPMs, and a noise covariance adjusted to the data.  The posterior mean can be interpreted as an optimally smoothed estimate of the map, and can be used for model based interpolations of the map from sparse measurements.  By sampling from the posterior distribution, we can get error bars on statistical properties such as preferred orientations,  pinwheel locations or -counts.  Finally, the use of an explicit probabilistic model facilitates interpretation of parameters and provides the basis for decoding studies.  We demonstrate our model both on simulated data and on intrinsic signaling data from ferret visual cortex.",
    "pdf_url": "https://papers.nips.cc/paper_files/paper/2009/file/ef0d3930a7b6c95bd2b32ed45989c61f-Paper.pdf",
    "paper_url": "https://papers.nips.cc/paper_files/paper/2009/hash/ef0d3930a7b6c95bd2b32ed45989c61f-Abstract.html"
}