{
    "title": "Bayesian Exponential Family PCA",
    "authors": [
        "Shakir Mohamed",
        "Zoubin Ghahramani",
        "Katherine A. Heller"
    ],
    "abstract": "Principal Components Analysis (PCA) has become established as one of the key tools for dimensionality reduction when dealing with real valued data. Approaches such as exponential family PCA and non-negative matrix factorisation have successfully extended PCA to non-Gaussian data types, but these techniques fail to take advantage of Bayesian inference and can suffer from problems of overfitting and poor generalisation. This paper presents a fully probabilistic approach to PCA, which is generalised to the exponential family, based on Hybrid Monte Carlo sampling. We describe the model which is based on a factorisation of the observed data matrix, and show performance of the model on both synthetic and real data.",
    "pdf_url": "https://papers.nips.cc/paper_files/paper/2008/file/5f0f5e5f33945135b874349cfbed4fb9-Paper.pdf",
    "paper_url": "https://papers.nips.cc/paper_files/paper/2008/hash/5f0f5e5f33945135b874349cfbed4fb9-Abstract.html"
}