{
    "title": "Bayesian Action-Graph Games",
    "authors": [
        "Albert Jiang",
        "Kevin Leyton-brown"
    ],
    "abstract": "Games of incomplete information, or Bayesian games, are an important game-theoretic model and have many applications in economics. We propose Bayesian action-graph games (BAGGs), a novel graphical representation for Bayesian games. BAGGs can represent arbitrary Bayesian games, and furthermore can compactly express Bayesian games exhibiting commonly encountered types of structure including symmetry, action- and type-specific utility independence, and probabilistic independence of type distributions. We provide an algorithm for computing expected utility in BAGGs, and discuss conditions under which the algorithm runs in polynomial time.  Bayes-Nash equilibria of BAGGs can be computed by adapting existing algorithms for complete-information normal form games and leveraging our expected utility algorithm. We show both theoretically and empirically that our approaches improve significantly on the state of the art.",
    "pdf_url": "https://papers.nips.cc/paper_files/paper/2010/file/847cc55b7032108eee6dd897f3bca8a5-Paper.pdf",
    "paper_url": "https://papers.nips.cc/paper_files/paper/2010/hash/847cc55b7032108eee6dd897f3bca8a5-Abstract.html"
}