{
    "title": "Beyond Categories: The Visual Memex Model for Reasoning About Object Relationships",
    "authors": [
        "Tomasz Malisiewicz",
        "Alyosha Efros"
    ],
    "abstract": "The use of context is critical for scene understanding in computer vision, where the recognition of an object is driven by both local appearance and the objects relationship to other elements of the scene (context).  Most current approaches rely on modeling the relationships between object categories as a source of context. In this paper we seek to move beyond categories to provide a richer appearance-based model of context.  We present an exemplar-based model of objects and their relationships, the Visual Memex, that encodes both local appearance and 2D spatial context between object instances. We evaluate our model on Torralbas proposed Context Challenge against a baseline category-based system. Our experiments suggest that moving beyond categories for context modeling appears to be quite beneficial, and may be the critical missing ingredient in scene understanding systems.",
    "pdf_url": "https://papers.nips.cc/paper_files/paper/2009/file/93db85ed909c13838ff95ccfa94cebd9-Paper.pdf",
    "paper_url": "https://papers.nips.cc/paper_files/paper/2009/hash/93db85ed909c13838ff95ccfa94cebd9-Abstract.html"
}