{
    "title": "Bounds on marginal probability distributions",
    "authors": [
        "Joris M. Mooij",
        "Hilbert Kappen"
    ],
    "abstract": "We propose a novel bound on single-variable marginal probability distributions in factor graphs with discrete variables. The bound is obtained by propagating bounds (convex sets of probability distributions) over a subtree of the factor graph, rooted in the variable of interest. By construction, the method not only bounds the exact marginal probability distribution of a variable, but also its approximate Belief Propagation marginal (``belief''). Thus, apart from providing a practical means to calculate bounds on marginals, our contribution also lies in providing a better understanding of the error made by Belief Propagation. We show that our bound outperforms the state-of-the-art on some inference problems arising in medical diagnosis.",
    "pdf_url": "https://papers.nips.cc/paper_files/paper/2008/file/a3d68b461bd9d3533ee1dd3ce4628ed4-Paper.pdf",
    "paper_url": "https://papers.nips.cc/paper_files/paper/2008/hash/a3d68b461bd9d3533ee1dd3ce4628ed4-Abstract.html"
}