{
    "title": "Clustering via LP-based Stabilities",
    "authors": [
        "Nikos Komodakis",
        "Nikos Paragios",
        "Georgios Tziritas"
    ],
    "abstract": "A novel center-based clustering algorithm is proposed in this paper. We first formulate clustering as an NP-hard linear integer program and we then use linear programming and the duality theory to derive the solution of this optimization problem. This leads to an efficient and very general algorithm, which works in the dual domain, and can cluster data based on an arbitrary set of distances. Despite its generality, it is independent of initialization (unlike EM-like methods such as K-means), has guaranteed convergence, and can also provide online optimality bounds about the quality of the estimated clustering solutions. To deal with the most critical issue in a center-based clustering algorithm (selection of cluster centers), we also introduce the notion of stability of a cluster center, which is a well defined LP-based quantity that plays a key role to our algorithm's success. Furthermore, we also introduce, what we call, the margins (another key ingredient in our algorithm), which can be roughly thought of as dual counterparts to stabilities and allow us to obtain computationally efficient approximations to the latter. Promising experimental results demonstrate the potentials of our method.",
    "pdf_url": "https://papers.nips.cc/paper_files/paper/2008/file/288cc0ff022877bd3df94bc9360b9c5d-Paper.pdf",
    "paper_url": "https://papers.nips.cc/paper_files/paper/2008/hash/288cc0ff022877bd3df94bc9360b9c5d-Abstract.html"
}