{
    "title": "Co-Training for Domain Adaptation",
    "authors": [
        "Minmin Chen",
        "Kilian Q. Weinberger",
        "John Blitzer"
    ],
    "abstract": "Domain adaptation algorithms seek to generalize a model trained in a source domain to a new target domain.  In many  practical cases, the source and target distributions can differ substantially, and in some cases crucial target features may not have support in the source domain.  In this paper we introduce an algorithm that bridges the gap between source and target domains by slowly adding both the target features and instances in which the current  algorithm is the most confident.  Our algorithm is a variant of co-training, and we name it CODA (Co-training for domain adaptation).  Unlike the original co-training work, we do not assume a particular feature split.  Instead, for each iteration of co-training, we add target features and formulate a single optimization problem which simultaneously learns a target predictor, a split of the feature space into views, and a shared subset of source  and target features to include in the predictor.  CODA significantly out-performs the state-of-the-art on the 12-domain benchmark data set of Blitzer et al.. Indeed, over a wide range (65 of 84 comparisons) of target supervision, ranging from no labeled target data to a relatively large number of target labels, CODA achieves the best performance.",
    "pdf_url": "https://papers.nips.cc/paper_files/paper/2011/file/93fb9d4b16aa750c7475b6d601c35c2c-Paper.pdf",
    "paper_url": "https://papers.nips.cc/paper_files/paper/2011/hash/93fb9d4b16aa750c7475b6d601c35c2c-Abstract.html"
}