{
    "title": "Collaborative Filtering in a Non-Uniform World: Learning with the Weighted Trace Norm",
    "authors": [
        "Nathan Srebro",
        "Russ R. Salakhutdinov"
    ],
    "abstract": "We show that matrix completion with trace-norm regularization can be significantly hurt when entries of the matrix are sampled non-uniformly, but that a properly weighted version of the trace-norm regularizer works well with non-uniform sampling. We show that the weighted trace-norm regularization indeed yields significant gains on the highly non-uniformly sampled Netflix dataset.",
    "pdf_url": "https://papers.nips.cc/paper_files/paper/2010/file/67d96d458abdef21792e6d8e590244e7-Paper.pdf",
    "paper_url": "https://papers.nips.cc/paper_files/paper/2010/hash/67d96d458abdef21792e6d8e590244e7-Abstract.html"
}