{
    "title": "Computational Equivalence of Fixed Points and No Regret Algorithms, and Convergence to Equilibria",
    "authors": [
        "Elad Hazan",
        "Satyen Kale"
    ],
    "abstract": "We study the relation between notions of game-theoretic equilibria which are based on stability under a set of deviations, and empirical equilibria which are reached by rational players. Rational players are modelled by players using no regret algorithms, which guarantee that their payoff in the long run is almost as much as the most they could hope to achieve by consistently deviating from the algorithm's suggested action. We show that for a given set of deviations over the strategy set of a player, it is possible to efficiently approximate fixed points of a given deviation if and only if there exist efficient no regret algorithms resistant to the deviations. Further, we show that if all players use a no regret algorithm, then the empirical distribution of their plays converges to an equilibrium.",
    "pdf_url": "https://papers.nips.cc/paper_files/paper/2007/file/e4bb4c5173c2ce17fd8fcd40041c068f-Paper.pdf",
    "paper_url": "https://papers.nips.cc/paper_files/paper/2007/hash/e4bb4c5173c2ce17fd8fcd40041c068f-Abstract.html"
}