{
    "title": "Competition Adds Complexity",
    "authors": [
        "Judy Goldsmith",
        "Martin Mundhenk"
    ],
    "abstract": "It is known that determinining whether a DEC-POMDP, namely, a cooperative partially observable stochastic game (POSG), has a cooperative strategy with positive expected reward is complete for NEXP. It was not known until now how cooperation affected that complexity. We show that, for competitive POSGs, the complexity of determining whether one team has a positive-expected-reward strategy is complete for the class NEXP with an oracle for NP.",
    "pdf_url": "https://papers.nips.cc/paper_files/paper/2007/file/3435c378bb76d4357324dd7e69f3cd18-Paper.pdf",
    "paper_url": "https://papers.nips.cc/paper_files/paper/2007/hash/3435c378bb76d4357324dd7e69f3cd18-Abstract.html"
}