{
    "title": "Convex Clustering with Exemplar-Based Models",
    "authors": [
        "Danial Lashkari",
        "Polina Golland"
    ],
    "abstract": "Clustering is often formulated as the maximum likelihood estimation of a mixture model that explains the data. The EM algorithm widely used to solve the resulting optimization problem is inherently a gradient-descent method and is sensitive to initialization. The resulting solution is a local optimum in the neighborhood of the initial guess. This sensitivity to initialization presents a signi\ufb01cant challenge in clustering large data sets into many clusters. In this paper, we present a dif- ferent approach to approximate mixture \ufb01tting for clustering. We introduce an exemplar-based likelihood function that approximates the exact likelihood. This formulation leads to a convex minimization problem and an ef\ufb01cient algorithm with guaranteed convergence to the globally optimal solution. The resulting clus- tering can be thought of as a probabilistic mapping of the data points to the set of exemplars that minimizes the average distance and the information-theoretic cost of mapping. We present experimental results illustrating the performance of our algorithm and its comparison with the conventional approach to mixture model clustering.",
    "pdf_url": "https://papers.nips.cc/paper_files/paper/2007/file/3fe94a002317b5f9259f82690aeea4cd-Paper.pdf",
    "paper_url": "https://papers.nips.cc/paper_files/paper/2007/hash/3fe94a002317b5f9259f82690aeea4cd-Abstract.html"
}