{
    "title": "Cooled and Relaxed Survey Propagation for MRFs",
    "authors": [
        "Hai Chieu",
        "Wee Lee",
        "Yee Teh"
    ],
    "abstract": "We describe a new algorithm, Relaxed Survey Propagation (RSP), for \ufb01nding MAP con\ufb01gurations in Markov random \ufb01elds. We compare its performance with state-of-the-art algorithms including the max-product belief propagation, its se- quential tree-reweighted variant, residual (sum-product) belief propagation, and tree-structured expectation propagation. We show that it outperforms all ap- proaches for Ising models with mixed couplings, as well as on a web person disambiguation task formulated as a supervised clustering problem.",
    "pdf_url": "https://papers.nips.cc/paper_files/paper/2007/file/9778d5d219c5080b9a6a17bef029331c-Paper.pdf",
    "paper_url": "https://papers.nips.cc/paper_files/paper/2007/hash/9778d5d219c5080b9a6a17bef029331c-Abstract.html"
}