{
    "title": "Deciphering subsampled data: adaptive compressive sampling as a principle of brain communication",
    "authors": [
        "Guy Isely",
        "Christopher Hillar",
        "Fritz Sommer"
    ],
    "abstract": "A new algorithm is proposed for a) unsupervised learning of sparse representations from subsampled measurements and b) estimating the parameters required for linearly reconstructing signals from the sparse codes. We verify that the new algorithm performs efficient data compression on par with the recent method of compressive sampling. Further, we demonstrate that the algorithm performs robustly when stacked in several stages or when applied in undercomplete or overcomplete situations. The new algorithm can explain how neural populations in the brain that receive subsampled input through fiber bottlenecks are able to form coherent response properties.",
    "pdf_url": "https://papers.nips.cc/paper_files/paper/2010/file/a0160709701140704575d499c997b6ca-Paper.pdf",
    "paper_url": "https://papers.nips.cc/paper_files/paper/2010/hash/a0160709701140704575d499c997b6ca-Abstract.html"
}