{
    "title": "Decomposing Isotonic Regression for Efficiently Solving Large Problems",
    "authors": [
        "Ronny Luss",
        "Saharon Rosset",
        "Moni Shahar"
    ],
    "abstract": "A new algorithm for isotonic regression is presented based on recursively partitioning the solution space. We develop efficient methods for each partitioning subproblem through an equivalent representation as a network flow problem, and prove that this sequence of partitions converges to the global solution. These network flow problems can further be decomposed in order to solve very large problems. Success of isotonic regression in prediction and our algorithm's favorable computational properties are demonstrated through simulated examples as large as 2x10^5 variables and 10^7 constraints.",
    "pdf_url": "https://papers.nips.cc/paper_files/paper/2010/file/03c6b06952c750899bb03d998e631860-Paper.pdf",
    "paper_url": "https://papers.nips.cc/paper_files/paper/2010/hash/03c6b06952c750899bb03d998e631860-Abstract.html"
}