{
    "title": "Demixed Principal Component Analysis",
    "authors": [
        "Wieland Brendel",
        "Ranulfo Romo",
        "Christian K. Machens"
    ],
    "abstract": "In many experiments, the data points collected live in high-dimensional observation spaces, yet can be assigned a set of labels or parameters. In electrophysiological recordings, for instance, the responses of populations of neurons generally depend on mixtures of experimentally controlled parameters. The heterogeneity and diversity of these parameter dependencies can make visualization and interpretation of such data extremely difficult. Standard dimensionality reduction techniques such as principal component analysis (PCA) can provide a succinct and complete description of the data, but the description is constructed independent of the relevant task variables and is often hard to interpret. Here, we start with the assumption that a particularly informative description is one that reveals the dependency of the high-dimensional data on the individual parameters. We show how to modify the loss function of PCA so that the principal components seek to capture both the maximum amount of variance about the data, while also depending on a minimum number of parameters. We call this method demixed principal component analysis (dPCA) as the principal components here segregate the parameter dependencies. We phrase the problem as a probabilistic graphical model, and present a fast Expectation-Maximization (EM) algorithm. We demonstrate the use of this algorithm for electrophysiological data and show that it serves to demix the parameter-dependence of a neural population response.",
    "pdf_url": "https://papers.nips.cc/paper_files/paper/2011/file/f4a331b7a22d1b237565d8813a34d8ac-Paper.pdf",
    "paper_url": "https://papers.nips.cc/paper_files/paper/2011/hash/f4a331b7a22d1b237565d8813a34d8ac-Abstract.html"
}