{
    "title": "Differentiable Sparse Coding",
    "authors": [
        "J. Bagnell",
        "David Bradley"
    ],
    "abstract": "Prior work has shown that features which appear to be biologically plausible as well as empirically useful can be found by sparse coding with a prior such as a laplacian (L1) that promotes sparsity. We show how smoother priors can pre- serve the bene\ufb01ts of these sparse priors while adding stability to the Maximum A-Posteriori (MAP) estimate that makes it more useful for prediction problems. Additionally, we show how to calculate the derivative of the MAP estimate ef\ufb01- ciently with implicit differentiation. One prior that can be differentiated this way is KL-regularization. We demonstrate its effectiveness on a wide variety of appli- cations, and \ufb01nd that online optimization of the parameters of the KL-regularized model can signi\ufb01cantly improve prediction performance.",
    "pdf_url": "https://papers.nips.cc/paper_files/paper/2008/file/1458e7509aa5f47ecfb92536e7dd1dc7-Paper.pdf",
    "paper_url": "https://papers.nips.cc/paper_files/paper/2008/hash/1458e7509aa5f47ecfb92536e7dd1dc7-Abstract.html"
}