{
    "title": "Directed Regression",
    "authors": [
        "Yi-hao Kao",
        "Benjamin Roy",
        "Xiang Yan"
    ],
    "abstract": "When used to guide decisions, linear regression analysis typically involves estimation of regression coefficients via ordinary least squares and their subsequent use to make decisions. When there are multiple response variables and features do not perfectly capture their relationships, it is beneficial to account for the decision objective when computing regression coefficients. Empirical optimization does so but sacrifices performance when features are well-chosen or training data are insufficient. We propose directed regression, an efficient algorithm that combines merits of ordinary least squares and empirical optimization. We demonstrate through a computational study that directed regression can generate significant performance gains over either alternative. We also develop a theory that motivates the algorithm.",
    "pdf_url": "https://papers.nips.cc/paper_files/paper/2009/file/0c74b7f78409a4022a2c4c5a5ca3ee19-Paper.pdf",
    "paper_url": "https://papers.nips.cc/paper_files/paper/2009/hash/0c74b7f78409a4022a2c4c5a5ca3ee19-Abstract.html"
}