{
    "title": "Discriminative K-means for Clustering",
    "authors": [
        "Jieping Ye",
        "Zheng Zhao",
        "Mingrui Wu"
    ],
    "abstract": "We present a theoretical study on the discriminative clustering framework, recently proposed for simultaneous subspace selection via linear discriminant analysis (LDA) and clustering. Empirical results have shown its favorable performance in comparison with several other popular clustering algorithms. However, the inherent relationship between subspace selection and clustering in this framework is not well understood, due to the iterative nature of the algorithm. We show in this paper that this iterative subspace selection and clustering is equivalent to kernel K-means with a specific kernel Gram matrix. This provides significant and new insights into the nature of this subspace selection procedure. Based on this equivalence relationship, we propose the Discriminative K-means (DisKmeans) algorithm for simultaneous LDA subspace selection and clustering, as well as an automatic parameter estimation procedure. We also present the nonlinear extension of DisKmeans using kernels. We show that the learning of the kernel matrix over a convex set of pre-specified kernel matrices can be incorporated into the clustering formulation. The connection between DisKmeans and several other clustering algorithms is also analyzed. The presented theories and algorithms are evaluated through experiments on a collection of benchmark data sets.",
    "pdf_url": "https://papers.nips.cc/paper_files/paper/2007/file/a5cdd4aa0048b187f7182f1b9ce7a6a7-Paper.pdf",
    "paper_url": "https://papers.nips.cc/paper_files/paper/2007/hash/a5cdd4aa0048b187f7182f1b9ce7a6a7-Abstract.html"
}