{
    "title": "Discriminative Network Models of Schizophrenia",
    "authors": [
        "Irina Rish",
        "Benjamin Thyreau",
        "Bertrand Thirion",
        "Marion Plaze",
        "Marie-laure Paillere-martinot",
        "Catherine Martelli",
        "Jean-luc Martinot",
        "Jean-baptiste Poline",
        "Guillermo Cecchi"
    ],
    "abstract": "Schizophrenia is a complex psychiatric disorder that has eluded a characterization in terms of local abnormalities of brain activity, and is hypothesized to affect the collective, ``emergent working of the brain. We propose a novel data-driven approach to capture emergent features using functional brain networks [Eguiluzet al] extracted from fMRI data, and demonstrate its advantage over traditional region-of-interest (ROI) and local, task-specific linear activation analyzes. Our results suggest that schizophrenia is indeed associated with disruption of global, emergent brain properties related to its functioning as a network, which cannot be explained by alteration of local activation patterns. Moreover, further exploitation of interactions by sparse Markov Random Field classifiers shows clear gain over linear methods, such as Gaussian Naive Bayes and SVM, allowing to reach 86% accuracy (over 50% baseline - random guess), which is quite remarkable given that it is based on a single fMRI experiment using a simple auditory task.",
    "pdf_url": "https://papers.nips.cc/paper_files/paper/2009/file/788d986905533aba051261497ecffcbb-Paper.pdf",
    "paper_url": "https://papers.nips.cc/paper_files/paper/2009/hash/788d986905533aba051261497ecffcbb-Abstract.html"
}