{
    "title": "Discriminative Clustering by Regularized Information Maximization",
    "authors": [
        "Andreas Krause",
        "Pietro Perona",
        "Ryan Gomes"
    ],
    "abstract": "Is there a principled way to learn a probabilistic discriminative classifier from an unlabeled data set? We present a framework that simultaneously clusters the data and trains a discriminative classifier. We call it Regularized Information Maximization (RIM). RIM optimizes an intuitive information-theoretic objective function which balances class separation, class balance and classifier complexity. The approach can flexibly incorporate different likelihood functions, express prior assumptions about the relative size of different classes and incorporate partial labels for semi-supervised learning. In particular, we instantiate the framework to unsupervised, multi-class kernelized logistic regression. Our empirical evaluation indicates that RIM outperforms existing methods on several real data sets, and demonstrates that RIM is an effective model selection method.",
    "pdf_url": "https://papers.nips.cc/paper_files/paper/2010/file/42998cf32d552343bc8e460416382dca-Paper.pdf",
    "paper_url": "https://papers.nips.cc/paper_files/paper/2010/hash/42998cf32d552343bc8e460416382dca-Abstract.html"
}