{
    "title": "Distribution-Calibrated Hierarchical Classification",
    "authors": [
        "Ofer Dekel"
    ],
    "abstract": "While many advances have already been made on the topic of hierarchical classi-  \ufb01cation learning, we take a step back and examine how a hierarchical classi\ufb01ca-  tion problem should be formally de\ufb01ned. We pay particular attention to the fact  that many arbitrary decisions go into the design of the the label taxonomy that  is provided with the training data, and that this taxonomy is often unbalanced.  We correct this problem by using the data distribution to calibrate the hierarchical  classi\ufb01cation loss function. This distribution-based correction must be done with  care, to avoid introducing unmanagable statstical dependencies into the learning  problem. This leads us off the beaten path of binomial-type estimation and into  the uncharted waters of geometric-type estimation. We present a new calibrated  de\ufb01nition of statistical risk for hierarchical classi\ufb01cation, an unbiased geometric  estimator for this risk, and a new algorithmic reduction from hierarchical classi\ufb01-  cation to cost-sensitive classi\ufb01cation.",
    "pdf_url": "https://papers.nips.cc/paper_files/paper/2009/file/d707329bece455a462b58ce00d1194c9-Paper.pdf",
    "paper_url": "https://papers.nips.cc/paper_files/paper/2009/hash/d707329bece455a462b58ce00d1194c9-Abstract.html"
}