{
    "title": "Efficient Relational Learning with Hidden Variable Detection",
    "authors": [
        "Ni Lao",
        "Jun Zhu",
        "Liu Liu",
        "Yandong Liu",
        "William W. Cohen"
    ],
    "abstract": "Markov networks (MNs) can incorporate arbitrarily complex features in modeling relational data. However, this flexibility comes at a sharp price of training an exponentially complex model. To address this challenge, we propose a novel relational learning approach, which consists of a restricted class of relational MNs (RMNs) called relation tree-based RMN (treeRMN), and an efficient Hidden Variable Detection algorithm called Contrastive Variable Induction (CVI). On one hand, the restricted treeRMN only considers simple (e.g., unary and pairwise) features in relational data and thus achieves computational efficiency; and on the other hand, the CVI algorithm efficiently detects hidden variables which can capture long range dependencies. Therefore, the resultant approach is highly efficient yet does not sacrifice its expressive power. Empirical results on four real datasets show that the proposed relational learning method can achieve similar prediction quality as the state-of-the-art approaches, but is significantly more efficient in training; and the induced hidden variables are semantically meaningful and crucial to improve the training speed and prediction qualities of treeRMNs.",
    "pdf_url": "https://papers.nips.cc/paper_files/paper/2010/file/bf62768ca46b6c3b5bea9515d1a1fc45-Paper.pdf",
    "paper_url": "https://papers.nips.cc/paper_files/paper/2010/hash/bf62768ca46b6c3b5bea9515d1a1fc45-Abstract.html"
}