{
    "title": "Efficient Exact Inference in Planar Ising Models",
    "authors": [
        "Nicol Schraudolph",
        "Dmitry Kamenetsky"
    ],
    "abstract": "We present polynomial-time algorithms for the exact computation of lowest- energy states, worst margin violators, partition functions, and marginals in binary undirected graphical models. Our approach provides an interesting alternative to the well-known graph cut paradigm in that it does not impose any submodularity constraints; instead we require planarity to establish a correspondence with perfect matchings in an expanded dual graph. Maximum-margin parameter estimation for a boundary detection task shows our approach to be ef\ufb01cient and effective.",
    "pdf_url": "https://papers.nips.cc/paper_files/paper/2008/file/816b112c6105b3ebd537828a39af4818-Paper.pdf",
    "paper_url": "https://papers.nips.cc/paper_files/paper/2008/hash/816b112c6105b3ebd537828a39af4818-Abstract.html"
}