{
    "title": "Efficient Inference in Phylogenetic InDel Trees",
    "authors": [
        "Alexandre Bouchard-c\u00f4t\u00e9",
        "Dan Klein",
        "Michael Jordan"
    ],
    "abstract": "Accurate and efficient inference in evolutionary trees is a central problem in computational biology. Realistic models require tracking insertions and deletions along the phylogenetic tree, making inference challenging. We propose new sampling techniques that speed up inference and improve the quality of the samples. We compare our method to previous approaches and show performance improvement on metrics evaluating multiple sequence alignment and reconstruction of ancestral sequences.",
    "pdf_url": "https://papers.nips.cc/paper_files/paper/2008/file/1651cf0d2f737d7adeab84d339dbabd3-Paper.pdf",
    "paper_url": "https://papers.nips.cc/paper_files/paper/2008/hash/1651cf0d2f737d7adeab84d339dbabd3-Abstract.html"
}