{
    "title": "Efficient Large-Scale Distributed Training of Conditional Maximum Entropy Models",
    "authors": [
        "Ryan Mcdonald",
        "Mehryar Mohri",
        "Nathan Silberman",
        "Dan Walker",
        "Gideon Mann"
    ],
    "abstract": "Training conditional maximum entropy models on massive data requires significant time and computational resources. In this paper, we investigate three common distributed training strategies: distributed gradient, majority voting ensembles, and parameter mixtures. We analyze the worst-case runtime and resource costs of each and present a theoretical foundation for the convergence of parameters under parameter mixtures, the most efficient strategy. We present large-scale experiments comparing the different strategies and demonstrate that parameter mixtures over independent models use fewer resources and achieve comparable loss as compared to standard approaches.",
    "pdf_url": "https://papers.nips.cc/paper_files/paper/2009/file/d81f9c1be2e08964bf9f24b15f0e4900-Paper.pdf",
    "paper_url": "https://papers.nips.cc/paper_files/paper/2009/hash/d81f9c1be2e08964bf9f24b15f0e4900-Abstract.html"
}