{
    "title": "Exact Convex Confidence-Weighted Learning",
    "authors": [
        "Koby Crammer",
        "Mark Dredze",
        "Fernando Pereira"
    ],
    "abstract": "Confidence-weighted (CW) learning [6], an online learning method for linear classifiers, maintains a Gaussian distributions over weight vectors, with a covariance matrix that represents uncertainty about weights and correlations. Confidence constraints ensure that a weight vector drawn from the hypothesis distribution correctly classifies examples with a specified probability. Within this framework, we derive a new convex form of the constraint and analyze it in the mistake bound model. Empirical evaluation with both synthetic and text data shows our version of CW learning achieves lower cumulative and out-of-sample errors than commonly used first-order and second-order online methods.",
    "pdf_url": "https://papers.nips.cc/paper_files/paper/2008/file/68ce199ec2c5517597ce0a4d89620f55-Paper.pdf",
    "paper_url": "https://papers.nips.cc/paper_files/paper/2008/hash/68ce199ec2c5517597ce0a4d89620f55-Abstract.html"
}