{
    "title": "Fast and Balanced: Efficient Label Tree Learning for Large Scale Object Recognition",
    "authors": [
        "Jia Deng",
        "Sanjeev Satheesh",
        "Alexander Berg",
        "Fei Li"
    ],
    "abstract": "We present a novel approach to efficiently learn a label tree for large scale classification with many classes. The key contribution of the approach is a technique to simultaneously determine the structure of the tree and learn the classifiers for each node in the tree. This approach also allows fine grained control over the efficiency vs accuracy trade-off in designing a label tree, leading to more balanced trees. Experiments are performed on large scale image classification with 10184 classes and 9 million images. We demonstrate significant improvements in test accuracy and efficiency with less training time and more balanced trees compared to the previous state of the art by Bengio et al.",
    "pdf_url": "https://papers.nips.cc/paper_files/paper/2011/file/5a4b25aaed25c2ee1b74de72dc03c14e-Paper.pdf",
    "paper_url": "https://papers.nips.cc/paper_files/paper/2011/hash/5a4b25aaed25c2ee1b74de72dc03c14e-Abstract.html"
}