{
    "title": "Feature Transitions with Saccadic Search: Size, Color, and Orientation Are Not Alike",
    "authors": [
        "Stella Yu"
    ],
    "abstract": "Size, color, and orientation have long been considered elementary features whose attributes are extracted in parallel and available to guide the deployment of attention. If each is processed in the same fashion with simply a different set of local detectors, one would expect similar search behaviours on localizing an equivalent flickering change among identically laid out disks. We analyze feature transitions associated with saccadic search and find out that size, color, and orientation are not alike in dynamic attribute processing over time. The Markovian feature transition is attractive for size, repulsive for color, and largely reversible for orientation.",
    "pdf_url": "https://papers.nips.cc/paper_files/paper/2010/file/20f07591c6fcb220ffe637cda29bb3f6-Paper.pdf",
    "paper_url": "https://papers.nips.cc/paper_files/paper/2010/hash/20f07591c6fcb220ffe637cda29bb3f6-Abstract.html"
}