{
    "title": "Generalized Beta Mixtures of Gaussians",
    "authors": [
        "Artin Armagan",
        "Merlise Clyde",
        "David Dunson"
    ],
    "abstract": "In recent years, a rich variety of shrinkage priors have been proposed that have great promise in addressing massive regression problems.  In general, these new priors can be expressed as scale mixtures of normals, but have more complex forms and better properties than traditional Cauchy and double exponential priors. We first propose a new class of normal scale mixtures through a novel generalized beta distribution that encompasses many interesting priors as special cases.  This encompassing framework should prove useful in comparing competing priors, considering properties and revealing close connections. We then develop a class of variational Bayes approximations through the new hierarchy presented that will scale more efficiently to the types of truly massive data sets that are now encountered routinely.",
    "pdf_url": "https://papers.nips.cc/paper_files/paper/2011/file/ad972f10e0800b49d76fed33a21f6698-Paper.pdf",
    "paper_url": "https://papers.nips.cc/paper_files/paper/2011/hash/ad972f10e0800b49d76fed33a21f6698-Abstract.html"
}