{
    "title": "Generative Local Metric Learning for Nearest Neighbor Classification",
    "authors": [
        "Yung-kyun Noh",
        "Byoung-tak Zhang",
        "Daniel Lee"
    ],
    "abstract": "We consider the problem of learning a local metric to enhance the performance of nearest neighbor classification. Conventional metric learning methods attempt to separate data distributions in a purely discriminative manner; here we show how to take advantage of information from parametric generative models. We focus on the bias in the information-theoretic error arising from finite sampling effects, and find an appropriate local metric that maximally reduces the bias based upon knowledge from generative models. As a byproduct, the asymptotic theoretical analysis in this work relates metric learning with dimensionality reduction, which was not understood from previous discriminative approaches. Empirical experiments show that this learned local metric enhances the discriminative nearest neighbor performance on various datasets using simple class conditional generative models.",
    "pdf_url": "https://papers.nips.cc/paper_files/paper/2010/file/01386bd6d8e091c2ab4c7c7de644d37b-Paper.pdf",
    "paper_url": "https://papers.nips.cc/paper_files/paper/2010/hash/01386bd6d8e091c2ab4c7c7de644d37b-Abstract.html"
}