{
    "title": "Generalization Errors and Learning Curves for Regression with Multi-task Gaussian Processes",
    "authors": [
        "Kian Chai"
    ],
    "abstract": "We provide some insights into how task correlations in multi-task Gaussian process (GP) regression affect the generalization error and the learning curve.  We analyze the asymmetric two-task case, where a secondary task is to help the learning of a primary task. Within this setting, we give bounds on the generalization error and the learning curve of the primary task. Our approach admits intuitive understandings of the multi-task GP by relating it to single-task GPs. For the case of one-dimensional input-space under optimal sampling with data only for the secondary task, the limitations of multi-task GP can be quantified explicitly.",
    "pdf_url": "https://papers.nips.cc/paper_files/paper/2009/file/fbd7939d674997cdb4692d34de8633c4-Paper.pdf",
    "paper_url": "https://papers.nips.cc/paper_files/paper/2009/hash/fbd7939d674997cdb4692d34de8633c4-Abstract.html"
}