{
    "title": "Graph Zeta Function in the Bethe Free Energy and Loopy Belief Propagation",
    "authors": [
        "Yusuke Watanabe",
        "Kenji Fukumizu"
    ],
    "abstract": "We propose a new approach to the analysis of Loopy Belief Propagation (LBP) by establishing a formula that connects the Hessian of the Bethe free energy with the edge zeta function. The formula has a number of theoretical implications on LBP. It is applied to give a sufficient condition that the Hessian of the Bethe free energy is positive definite, which shows non-convexity for graphs with multiple cycles. The formula clarifies the relation between the local stability of a fixed point of LBP and local minima of the Bethe free energy. We also propose a new approach to the uniqueness of LBP fixed point, and show various conditions of uniqueness.",
    "pdf_url": "https://papers.nips.cc/paper_files/paper/2009/file/b6f0479ae87d244975439c6124592772-Paper.pdf",
    "paper_url": "https://papers.nips.cc/paper_files/paper/2009/hash/b6f0479ae87d244975439c6124592772-Abstract.html"
}