{
    "title": "Group Anomaly Detection using Flexible Genre Models",
    "authors": [
        "Liang Xiong",
        "Barnab\u00e1s P\u00f3czos",
        "Jeff Schneider"
    ],
    "abstract": "An important task in exploring and analyzing real-world data sets is to detect unusual and interesting phenomena. In this paper, we study the group anomaly detection problem. Unlike traditional anomaly detection research that focuses on data points, our goal is to discover anomalous aggregated behaviors of groups of points. For this purpose, we propose the Flexible Genre Model (FGM). FGM is designed to characterize data groups at both the point level and the group level so as to detect various types of group anomalies. We evaluate the effectiveness of FGM on both synthetic and real data sets including images and turbulence data, and show that it is superior to existing approaches in detecting group anomalies.",
    "pdf_url": "https://papers.nips.cc/paper_files/paper/2011/file/eaae339c4d89fc102edd9dbdb6a28915-Paper.pdf",
    "paper_url": "https://papers.nips.cc/paper_files/paper/2011/hash/eaae339c4d89fc102edd9dbdb6a28915-Abstract.html"
}