{
    "title": "Hashing Algorithms for Large-Scale Learning",
    "authors": [
        "Ping Li",
        "Anshumali Shrivastava",
        "Joshua Moore",
        "Arnd K\u00f6nig"
    ],
    "abstract": "Minwise hashing is a standard technique in the context of search for efficiently computing set similarities. The recent development of b-bit minwise hashing provides a  substantial improvement by storing only the lowest b bits of each hashed value. In this paper, we demonstrate that  b-bit minwise hashing can be naturally integrated with linear learning algorithms such as linear SVM and logistic regression, to solve large-scale and high-dimensional statistical learning tasks, especially when the data do not fit in memory.   We  compare $b$-bit minwise hashing with  the Count-Min (CM)  and  Vowpal Wabbit (VW) algorithms, which have essentially the same variances as random projections. Our theoretical and empirical comparisons illustrate that b-bit minwise hashing is significantly more accurate (at the same storage cost) than VW (and random projections) for binary data.",
    "pdf_url": "https://papers.nips.cc/paper_files/paper/2011/file/0a1bf96b7165e962e90cb14648c9462d-Paper.pdf",
    "paper_url": "https://papers.nips.cc/paper_files/paper/2011/hash/0a1bf96b7165e962e90cb14648c9462d-Abstract.html"
}