{
    "title": "Hierarchical Multitask Structured Output Learning for Large-scale Sequence Segmentation",
    "authors": [
        "Nico Goernitz",
        "Christian Widmer",
        "Georg Zeller",
        "Andre Kahles",
        "Gunnar R\u00e4tsch",
        "S\u00f6ren Sonnenburg"
    ],
    "abstract": "We present a novel regularization-based Multitask Learning (MTL) formulation  for Structured Output (SO) prediction for the case of hierarchical task relations.  Structured output learning often results in dif\ufb01cult inference problems and   requires large amounts of training data to obtain accurate models. We propose to  use MTL to exploit information available for related structured output learning  tasks by means of hierarchical regularization. Due to the combination of example   sets, the cost of training models for structured output prediction can easily  become infeasible for real world applications. We thus propose an ef\ufb01cient   algorithm based on bundle methods to solve the optimization problems resulting from  MTL structured output learning. We demonstrate the performance of our approach  on gene \ufb01nding problems from the application domain of computational biology.  We show that 1) our proposed solver achieves much faster convergence than previous   methods and 2) that the Hierarchical SO-MTL approach clearly outperforms  considered non-MTL methods.",
    "pdf_url": "https://papers.nips.cc/paper_files/paper/2011/file/ac796a52db3f16bbdb6557d3d89d1c5a-Paper.pdf",
    "paper_url": "https://papers.nips.cc/paper_files/paper/2011/hash/ac796a52db3f16bbdb6557d3d89d1c5a-Abstract.html"
}