{
    "title": "Indian Buffet Processes with Power-law Behavior",
    "authors": [
        "Yee Teh",
        "Dilan Gorur"
    ],
    "abstract": "The Indian buffet process (IBP) is an exchangeable distribution over binary matrices used in Bayesian nonparametric featural models.  In this paper we propose a three-parameter generalization of the IBP exhibiting power-law behavior.  We achieve this by generalizing the beta process (the de Finetti measure of the IBP) to the \\emph{stable-beta process} and deriving the IBP corresponding to it.  We find interesting relationships between the stable-beta process and the Pitman-Yor process (another stochastic process used in Bayesian nonparametric models with interesting power-law properties).  We show that our power-law IBP is a good model for word occurrences in documents with improved performance over the normal IBP.",
    "pdf_url": "https://papers.nips.cc/paper_files/paper/2009/file/f1b6f2857fb6d44dd73c7041e0aa0f19-Paper.pdf",
    "paper_url": "https://papers.nips.cc/paper_files/paper/2009/hash/f1b6f2857fb6d44dd73c7041e0aa0f19-Abstract.html"
}