{
    "title": "Individuation, Identification and Object Discovery",
    "authors": [
        "Charles Kemp",
        "Alan Jern",
        "Fei Xu"
    ],
    "abstract": "Humans are typically able to infer how many objects their environment contains and to recognize when the same object is encountered twice.  We present a simple statistical model that helps to explain these abilities and evaluate it in three behavioral experiments.  Our first experiment suggests that humans rely on prior knowledge when deciding whether an object token has been previously encountered. Our second and third experiments suggest that humans can infer how many objects they have seen and can learn about categories and their properties even when they are uncertain about which tokens are instances of the same object.",
    "pdf_url": "https://papers.nips.cc/paper_files/paper/2009/file/38af86134b65d0f10fe33d30dd76442e-Paper.pdf",
    "paper_url": "https://papers.nips.cc/paper_files/paper/2009/hash/38af86134b65d0f10fe33d30dd76442e-Abstract.html"
}