{
    "title": "Infinite State Bayes-Nets for Structured Domains",
    "authors": [
        "Max Welling",
        "Ian Porteous",
        "Evgeniy Bart"
    ],
    "abstract": "A general modeling framework is proposed that uni\ufb01es nonparametric-Bayesian models, topic-models and Bayesian networks. This class of in\ufb01nite state Bayes nets (ISBN) can be viewed as directed networks of \u2018hierarchical Dirichlet processes\u2019 (HDPs) where the domain of the variables can be structured (e.g. words in documents or features in images). We show that collapsed Gibbs sampling can be done ef\ufb01ciently in these models by leveraging the structure of the Bayes net and using the forward-\ufb01ltering-backward-sampling algorithm for junction trees. Existing models, such as nested-DP, Pachinko allocation, mixed membership sto- chastic block models as well as a number of new models are described as ISBNs. Two experiments have been performed to illustrate these ideas.",
    "pdf_url": "https://papers.nips.cc/paper_files/paper/2007/file/f899139df5e1059396431415e770c6dd-Paper.pdf",
    "paper_url": "https://papers.nips.cc/paper_files/paper/2007/hash/f899139df5e1059396431415e770c6dd-Abstract.html"
}