{
    "title": "Invariant Common Spatial Patterns: Alleviating Nonstationarities in Brain-Computer Interfacing",
    "authors": [
        "Benjamin Blankertz",
        "Motoaki Kawanabe",
        "Ryota Tomioka",
        "Friederike Hohlefeld",
        "Klaus-Robert M\u00fcller",
        "Vadim Nikulin"
    ],
    "abstract": "Brain-Computer Interfaces can suffer from a large variance of the subject condi- tions within and across sessions. For example vigilance \ufb02uctuations in the indi- vidual, variable task involvement, workload etc. alter the characteristics of EEG signals and thus challenge a stable BCI operation. In the present work we aim to de\ufb01ne features based on a variant of the common spatial patterns (CSP) algorithm that are constructed invariant with respect to such nonstationarities. We enforce invariance properties by adding terms to the denominator of a Rayleigh coef\ufb01cient representation of CSP such as disturbance covariance matrices from \ufb02uctuations in visual processing. In this manner physiological prior knowledge can be used to shape the classi\ufb01cation engine for BCI. As a proof of concept we present a BCI classi\ufb01er that is robust to changes in the level of parietal a -activity. In other words, the EEG decoding still works when there are lapses in vigilance.",
    "pdf_url": "https://papers.nips.cc/paper_files/paper/2007/file/6aab1270668d8cac7cef2566a1c5f569-Paper.pdf",
    "paper_url": "https://papers.nips.cc/paper_files/paper/2007/hash/6aab1270668d8cac7cef2566a1c5f569-Abstract.html"
}