{
    "title": "Iterative Learning for Reliable Crowdsourcing Systems",
    "authors": [
        "David Karger",
        "Sewoong Oh",
        "Devavrat Shah"
    ],
    "abstract": "Crowdsourcing systems, in which tasks are electronically distributed to numerous ``information piece-workers'', have emerged as an effective paradigm for human-powered solving of large scale problems in domains such as image classification, data entry, optical character recognition, recommendation, and proofreading. Because these low-paid workers can be unreliable, nearly all crowdsourcers must devise schemes to increase confidence in their answers, typically by assigning each task multiple times and combining the answers in some way such as majority voting. In this paper, we consider a general model of such  rowdsourcing tasks, and pose the problem of minimizing the total price (i.e., number of task assignments) that must be paid to achieve a target overall reliability. We give new algorithms for deciding which tasks to assign to which workers and for inferring correct answers from the workers\u2019 answers. We show that our algorithm significantly outperforms majority voting and, in fact, are asymptotically optimal through comparison to an oracle that knows the reliability of every worker.",
    "pdf_url": "https://papers.nips.cc/paper_files/paper/2011/file/c667d53acd899a97a85de0c201ba99be-Paper.pdf",
    "paper_url": "https://papers.nips.cc/paper_files/paper/2011/hash/c667d53acd899a97a85de0c201ba99be-Abstract.html"
}