{
    "title": "Kernel Choice and Classifiability for RKHS Embeddings of Probability Distributions",
    "authors": [
        "Kenji Fukumizu",
        "Arthur Gretton",
        "Gert Lanckriet",
        "Bernhard Sch\u00f6lkopf",
        "Bharath K. Sriperumbudur"
    ],
    "abstract": "Embeddings of probability measures into reproducing kernel Hilbert spaces have been proposed as a straightforward and practical means of representing and comparing probabilities. In particular, the distance between embeddings (the maximum mean discrepancy, or MMD) has several key advantages over many classical metrics on distributions, namely easy computability, fast convergence and low bias of finite sample estimates. An important requirement of the embedding RKHS is that it be characteristic: in this case, the MMD between two distributions is zero if and only if the distributions coincide. Three new results on the MMD are introduced in the present study. First, it is established that MMD corresponds to the optimal risk of a kernel classifier, thus forming a natural link between the distance between distributions and their ease of classification. An important consequence is that a kernel must be characteristic to guarantee classifiability between distributions in the RKHS. Second, the class of characteristic kernels is broadened to incorporate all strictly positive definite kernels: these include non-translation invariant kernels and kernels on non-compact domains. Third, a generalization of the MMD is proposed for families of kernels, as the supremum over MMDs on a class of kernels (for instance the Gaussian kernels with different bandwidths). This extension is necessary to obtain a single distance measure if a large selection or class of characteristic kernels is potentially appropriate. This generalization is reasonable, given that it corresponds to the problem of learning the kernel by minimizing the risk of the corresponding kernel classifier. The generalized MMD is shown to have consistent finite sample estimates, and its performance is demonstrated on a homogeneity testing example.",
    "pdf_url": "https://papers.nips.cc/paper_files/paper/2009/file/685ac8cadc1be5ac98da9556bc1c8d9e-Paper.pdf",
    "paper_url": "https://papers.nips.cc/paper_files/paper/2009/hash/685ac8cadc1be5ac98da9556bc1c8d9e-Abstract.html"
}