{
    "title": "Label Selection on Graphs",
    "authors": [
        "Andrew Guillory",
        "Jeff A. Bilmes"
    ],
    "abstract": "We investigate methods for selecting sets of labeled vertices for use in predicting the labels of vertices on a graph.  We specifically study methods which choose a single batch of labeled vertices (i.e. offline, non sequential methods).  In this setting, we find common graph smoothness assumptions directly motivate simple label selection methods with interesting theoretical guarantees. These methods bound prediction error in terms of the smoothness of the true labels with respect to the graph.  Some of these bounds give new motivations for previously proposed algorithms, and some suggest new algorithms which we evaluate.  We show improved performance over baseline methods on several real world data sets.",
    "pdf_url": "https://papers.nips.cc/paper_files/paper/2009/file/90794e3b050f815354e3e29e977a88ab-Paper.pdf",
    "paper_url": "https://papers.nips.cc/paper_files/paper/2009/hash/90794e3b050f815354e3e29e977a88ab-Abstract.html"
}