{
    "title": "Large-Scale Matrix Factorization with Missing Data under Additional Constraints",
    "authors": [
        "Kaushik Mitra",
        "Sameer Sheorey",
        "Rama Chellappa"
    ],
    "abstract": "Matrix factorization in the presence of missing data is at the core of many computer vision problems such as structure from motion (SfM), non-rigid SfM and photometric stereo. We formulate the problem of matrix factorization with missing data as a low-rank semidefinite program (LRSDP) with the advantage that: $1)$ an efficient quasi-Newton implementation of the LRSDP enables us to solve large-scale factorization problems, and $2)$ additional constraints such as ortho-normality, required in orthographic SfM, can be directly incorporated in the new formulation. Our empirical evaluations suggest that, under the conditions of matrix completion theory, the proposed algorithm finds the optimal solution, and also requires fewer observations compared to the current state-of-the-art algorithms. We further demonstrate the effectiveness of the proposed algorithm in solving the affine SfM problem, non-rigid SfM and photometric stereo problems.",
    "pdf_url": "https://papers.nips.cc/paper_files/paper/2010/file/da4fb5c6e93e74d3df8527599fa62642-Paper.pdf",
    "paper_url": "https://papers.nips.cc/paper_files/paper/2010/hash/da4fb5c6e93e74d3df8527599fa62642-Abstract.html"
}