{
    "title": "Layer-wise analysis of deep networks with Gaussian kernels",
    "authors": [
        "Gr\u00e9goire Montavon",
        "Klaus-Robert M\u00fcller",
        "Mikio Braun"
    ],
    "abstract": "Deep networks can potentially express a learning problem more efficiently than local learning machines. While deep networks outperform local learning machines on some problems, it is still unclear how their nice representation emerges from their complex structure. We present an analysis based on Gaussian kernels that measures how the representation of the learning problem evolves layer after layer as the deep network builds higher-level abstract representations of the input. We use this analysis to show empirically that deep networks build progressively better representations of the learning problem and that the best representations are obtained when the deep network discriminates only in the last layers.",
    "pdf_url": "https://papers.nips.cc/paper_files/paper/2010/file/7eabe3a1649ffa2b3ff8c02ebfd5659f-Paper.pdf",
    "paper_url": "https://papers.nips.cc/paper_files/paper/2010/hash/7eabe3a1649ffa2b3ff8c02ebfd5659f-Abstract.html"
}