{
    "title": "Learning transport operators for image manifolds",
    "authors": [
        "Benjamin Culpepper",
        "Bruno Olshausen"
    ],
    "abstract": "We describe a method for learning a group of continuous transformation operators  to traverse smooth nonlinear manifolds. The method is applied to model how  natural images change over time and scale. The group of continuous transform  operators is represented by a basis that is adapted to the statistics of the data so  that the in\ufb01nitesimal generator for a measurement orbit can be produced by a  linear combination of a few basis elements. We illustrate how the method can be  used to ef\ufb01ciently code time-varying images by describing changes across time  and scale in terms of the learned operators.",
    "pdf_url": "https://papers.nips.cc/paper_files/paper/2009/file/a1d50185e7426cbb0acad1e6ca74b9aa-Paper.pdf",
    "paper_url": "https://papers.nips.cc/paper_files/paper/2009/hash/a1d50185e7426cbb0acad1e6ca74b9aa-Abstract.html"
}