{
    "title": "Learning Visual Attributes",
    "authors": [
        "Vittorio Ferrari",
        "Andrew Zisserman"
    ],
    "abstract": "We present a probabilistic generative model of visual attributes, together with an ef\ufb01cient learning algorithm. Attributes are visual qualities of objects, such as \u2018red\u2019, \u2018striped\u2019, or \u2018spotted\u2019. The model sees attributes as patterns of image segments, repeatedly sharing some characteristic properties. These can be any combination of appearance, shape, or the layout of segments within the pattern. Moreover, attributes with general appearance are taken into account, such as the pattern of alternation of any two colors which is characteristic for stripes. To enable learning from unsegmented training images, the model is learnt discriminatively, by optimizing a likelihood ratio. As demonstrated in the experimental evaluation, our model can learn in a weakly supervised setting and encompasses a broad range of attributes. We show that attributes can be learnt starting from a text query to Google image search, and can then be used to recognize the attribute and determine its spatial extent in novel real-world images.",
    "pdf_url": "https://papers.nips.cc/paper_files/paper/2007/file/ed265bc903a5a097f61d3ec064d96d2e-Paper.pdf",
    "paper_url": "https://papers.nips.cc/paper_files/paper/2007/hash/ed265bc903a5a097f61d3ec064d96d2e-Abstract.html"
}