{
    "title": "Learning to classify complex patterns using a VLSI network of spiking neurons",
    "authors": [
        "Srinjoy Mitra",
        "Giacomo Indiveri",
        "Stefano Fusi"
    ],
    "abstract": "We propose a compact, low power VLSI network of spiking neurons which can learn to classify complex patterns of mean \ufb01ring rates on\u2013line and in real\u2013time. The network of integrate-and-\ufb01re neurons is connected by bistable synapses that can change their weight using a local spike\u2013based plasticity mechanism. Learning is supervised by a teacher which provides an extra input to the output neurons during training. The synaptic weights are updated only if the current generated by the plastic synapses does not match the output desired by the teacher (as in the perceptron learning rule). We present experimental results that demonstrate how this VLSI network is able to robustly classify uncorrelated linearly separable spatial patterns of mean \ufb01ring rates.",
    "pdf_url": "https://papers.nips.cc/paper_files/paper/2007/file/c3992e9a68c5ae12bd18488bc579b30d-Paper.pdf",
    "paper_url": "https://papers.nips.cc/paper_files/paper/2007/hash/c3992e9a68c5ae12bd18488bc579b30d-Abstract.html"
}