{
    "title": "Learning Non-Linear Combinations of Kernels",
    "authors": [
        "Corinna Cortes",
        "Mehryar Mohri",
        "Afshin Rostamizadeh"
    ],
    "abstract": "This paper studies the general problem of learning kernels based on a polynomial combination of base kernels. It analyzes this problem in the case of regression and the kernel ridge regression algorithm. It examines the corresponding learning kernel optimization problem, shows how that minimax problem can be reduced to a simpler minimization problem, and proves that the global solution of this problem always lies on the boundary. We give a projection-based gradient descent algorithm for solving the optimization problem, shown empirically to converge in few iterations. Finally, we report the results of extensive experiments with this algorithm using several publicly available datasets demonstrating the effectiveness of our technique.",
    "pdf_url": "https://papers.nips.cc/paper_files/paper/2009/file/e7f8a7fb0b77bcb3b283af5be021448f-Paper.pdf",
    "paper_url": "https://papers.nips.cc/paper_files/paper/2009/hash/e7f8a7fb0b77bcb3b283af5be021448f-Abstract.html"
}