{
    "title": "Learning Patient-Specific Cancer Survival Distributions as a Sequence of Dependent Regressors",
    "authors": [
        "Chun-Nam Yu",
        "Russell Greiner",
        "Hsiu-Chin Lin",
        "Vickie Baracos"
    ],
    "abstract": "An accurate model of patient survival time can help in the treatment and care of cancer patients. The common practice of providing survival time estimates based only on population averages for the site and stage of cancer ignores many important individual differences among patients. In this paper, we propose a local regression method for learning patient-specific survival time distribution based on patient attributes such as blood tests and clinical assessments. When tested on a cohort of more than 2000 cancer patients, our method gives survival time predictions that are much more accurate than popular survival analysis models such as the Cox and Aalen regression models. Our results also show that using patient-specific attributes can reduce the prediction error on survival time by as much as 20% when compared to using cancer site and stage only.",
    "pdf_url": "https://papers.nips.cc/paper_files/paper/2011/file/1019c8091693ef5c5f55970346633f92-Paper.pdf",
    "paper_url": "https://papers.nips.cc/paper_files/paper/2011/hash/1019c8091693ef5c5f55970346633f92-Abstract.html"
}