{
    "title": "Learning sparse dynamic linear systems using stable spline kernels and exponential hyperpriors",
    "authors": [
        "Alessandro Chiuso",
        "Gianluigi Pillonetto"
    ],
    "abstract": "We introduce a new Bayesian nonparametric approach to identification of sparse dynamic linear systems. The impulse responses are modeled as Gaussian processes whose autocovariances encode the BIBO stability constraint, as defined by the recently introduced \u201cStable Spline kernel\u201d. Sparse solutions are obtained by placing exponential hyperpriors on the scale factors of such kernels. Numerical experiments regarding estimation of ARMAX models show that this technique provides a definite advantage over a group LAR algorithm and state-of-the-art parametric identification techniques based on prediction error minimization.",
    "pdf_url": "https://papers.nips.cc/paper_files/paper/2010/file/ffeabd223de0d4eacb9a3e6e53e5448d-Paper.pdf",
    "paper_url": "https://papers.nips.cc/paper_files/paper/2010/hash/ffeabd223de0d4eacb9a3e6e53e5448d-Abstract.html"
}