{
    "title": "Learning Anchor Planes for Classification",
    "authors": [
        "Ziming Zhang",
        "Lubor Ladicky",
        "Philip Torr",
        "Amir Saffari"
    ],
    "abstract": "Local Coordinate Coding (LCC) [18] is a method for modeling functions of data lying on non-linear manifolds. It provides a set of anchor points which form a local coordinate system, such that each data point on the manifold can be approximated by a linear combination of its anchor points, and the linear weights become the local coordinate coding. In this paper we propose encoding data using orthogonal  anchor planes, rather than anchor points. Our method needs only a few orthogonal anchor planes for coding, and it can linearize any (\\alpha,\\beta,p)-Lipschitz smooth nonlinear  function with a fixed expected value of the upper-bound approximation error on any high dimensional data. In practice, the orthogonal coordinate system can be easily learned by minimizing this upper bound using singular value decomposition (SVD). We apply our method to model the coordinates locally in linear SVMs for classification tasks, and our experiment on MNIST shows that using only 50 anchor planes our method achieves 1.72% error rate, while LCC achieves 1.90% error rate using 4096 anchor points.",
    "pdf_url": "https://papers.nips.cc/paper_files/paper/2011/file/23ce1851341ec1fa9e0c259de10bf87c-Paper.pdf",
    "paper_url": "https://papers.nips.cc/paper_files/paper/2011/hash/23ce1851341ec1fa9e0c259de10bf87c-Abstract.html"
}