{
    "title": "Learning the context of a category",
    "authors": [
        "Dan Navarro"
    ],
    "abstract": "This paper outlines a hierarchical Bayesian model for human category learning that learns both the organization of objects into categories, and the context in which this knowledge should be applied. The model is fit to multiple data sets, and provides a parsimonious method for describing how humans learn context specific conceptual representations.",
    "pdf_url": "https://papers.nips.cc/paper_files/paper/2010/file/ebd9629fc3ae5e9f6611e2ee05a31cef-Paper.pdf",
    "paper_url": "https://papers.nips.cc/paper_files/paper/2010/hash/ebd9629fc3ae5e9f6611e2ee05a31cef-Abstract.html"
}