{
    "title": "Linear readout from a neural population with partial correlation data",
    "authors": [
        "Adrien Wohrer",
        "Ranulfo Romo",
        "Christian K. Machens"
    ],
    "abstract": "How much information does a neural population convey about a stimulus? Answers to this question are known to strongly depend on the correlation of response variability in neural populations. These noise correlations, however, are essentially immeasurable as the number of parameters in a noise correlation matrix grows quadratically with population size. Here, we suggest to bypass this problem by imposing a parametric model on a noise correlation matrix. Our basic assumption is that noise correlations arise due to common inputs between neurons. On average, noise correlations will therefore reflect signal correlations, which can be measured in neural populations. We suggest an explicit parametric dependency between signal and noise correlations. We show how this dependency can be used to fill the gaps\" in noise correlations matrices using an iterative application of the Wishart distribution over positive definitive matrices. We apply our method to data from the primary somatosensory cortex of monkeys performing a two-alternative-forced choice task. We compare the discrimination thresholds read out from the population of recorded neurons with the discrimination threshold of the monkey and show that our method predicts different results than simpler, average schemes of noise correlations.\"",
    "pdf_url": "https://papers.nips.cc/paper_files/paper/2010/file/0188e8b8b014829e2fa0f430f0a95961-Paper.pdf",
    "paper_url": "https://papers.nips.cc/paper_files/paper/2010/hash/0188e8b8b014829e2fa0f430f0a95961-Abstract.html"
}