{
    "title": "Localized Sliced Inverse Regression",
    "authors": [
        "Qiang Wu",
        "Sayan Mukherjee",
        "Feng Liang"
    ],
    "abstract": "We developed localized sliced inverse regression for supervised dimension reduction. It has the advantages of preventing degeneracy, increasing estimation accuracy, and automatic subclass discovery in classification problems. A semisupervised version is proposed for the use of unlabeled data. The utility is illustrated on simulated as well as real data sets.",
    "pdf_url": "https://papers.nips.cc/paper_files/paper/2008/file/e3796ae838835da0b6f6ea37bcf8bcb7-Paper.pdf",
    "paper_url": "https://papers.nips.cc/paper_files/paper/2008/hash/e3796ae838835da0b6f6ea37bcf8bcb7-Abstract.html"
}