{
    "title": "MCBoost: Multiple Classifier Boosting for Perceptual Co-clustering of Images and Visual Features",
    "authors": [
        "Tae-kyun Kim",
        "Roberto Cipolla"
    ],
    "abstract": "We present a new co-clustering problem of images and visual features. The problem involves a set of non-object images in addition to a set of object images and features to be co-clustered. Co-clustering is performed in a way of maximising discrimination of object images from non-object images, thus emphasizing discriminative features. This provides a way of obtaining perceptual joint-clusters of object images and features. We tackle the problem by simultaneously boosting multiple strong classifiers which compete for images by their expertise. Each boosting classifier is an aggregation of weak-learners, i.e. simple visual features. The obtained classifiers are useful for multi-category and multi-view object detection tasks. Experiments on a set of pedestrian images and a face data set demonstrate that the method yields intuitive image clusters with associated features and is much superior to conventional boosting classifiers in object detection tasks.",
    "pdf_url": "https://papers.nips.cc/paper_files/paper/2008/file/a532400ed62e772b9dc0b86f46e583ff-Paper.pdf",
    "paper_url": "https://papers.nips.cc/paper_files/paper/2008/hash/a532400ed62e772b9dc0b86f46e583ff-Abstract.html"
}