{
    "title": "MDPs with Non-Deterministic Policies",
    "authors": [
        "M. Fard",
        "Joelle Pineau"
    ],
    "abstract": "Markov Decision Processes (MDPs) have been extensively studied and used in the context of planning and decision-making, and many methods exist to find the optimal policy for problems modelled as MDPs. Although finding the optimal policy is sufficient in many domains, in certain applications such as decision support systems where the policy is executed by a human (rather than a machine), finding all possible near-optimal policies might be useful as it provides more flexibility to the person executing the policy. In this paper we introduce the new concept of non-deterministic MDP policies, and address the question of finding near-optimal non-deterministic policies. We propose two solutions to this problem, one based on a Mixed Integer Program and the other one based on a search algorithm. We include experimental results obtained from applying this framework to optimize treatment choices in the context of a medical decision support system.",
    "pdf_url": "https://papers.nips.cc/paper_files/paper/2008/file/0c74b7f78409a4022a2c4c5a5ca3ee19-Paper.pdf",
    "paper_url": "https://papers.nips.cc/paper_files/paper/2008/hash/0c74b7f78409a4022a2c4c5a5ca3ee19-Abstract.html"
}