{
    "title": "Message Passing for Max-weight Independent Set",
    "authors": [
        "Sujay Sanghavi",
        "Devavrat Shah",
        "Alan Willsky"
    ],
    "abstract": "We investigate the use of message-passing algorithms for the problem of \ufb01nding the max-weight independent set (MWIS) in a graph. First, we study the perfor- mance of loopy max-product belief propagation. We show that, if it converges, the quality of the estimate is closely related to the tightness of an LP relaxation of the MWIS problem. We use this relationship to obtain suf\ufb01cient conditions for correctness of the estimate. We then develop a modi\ufb01cation of max-product \u2013 one that converges to an optimal solution of the dual of the MWIS problem. We also develop a simple iterative algorithm for estimating the max-weight independent set from this dual solution. We show that the MWIS estimate obtained using these two algorithms in conjunction is correct when the graph is bipartite and the MWIS is unique. Finally, we show that any problem of MAP estimation for probability distributions over \ufb01nite domains can be reduced to an MWIS problem. We believe this reduction will yield new insights and algorithms for MAP estimation.",
    "pdf_url": "https://papers.nips.cc/paper_files/paper/2007/file/c4015b7f368e6b4871809f49debe0579-Paper.pdf",
    "paper_url": "https://papers.nips.cc/paper_files/paper/2007/hash/c4015b7f368e6b4871809f49debe0579-Abstract.html"
}