{
    "title": "Minimum Average Cost Clustering",
    "authors": [
        "Kiyohito Nagano",
        "Yoshinobu Kawahara",
        "Satoru Iwata"
    ],
    "abstract": "A number of objective functions in clustering problems can be described with submodular functions. In this paper, we introduce the minimum average cost criterion, and show that the theory of intersecting submodular functions can be used for clustering with submodular objective functions. The proposed algorithm does not require the number of clusters in advance, and it will be determined by the property of a given set of data points. The minimum average cost clustering problem is parameterized with a real variable, and surprisingly, we show that all information about optimal clusterings for all parameters can be computed in polynomial time in total. Additionally, we evaluate the performance of the proposed algorithm through computational experiments.",
    "pdf_url": "https://papers.nips.cc/paper_files/paper/2010/file/9c01802ddb981e6bcfbec0f0516b8e35-Paper.pdf",
    "paper_url": "https://papers.nips.cc/paper_files/paper/2010/hash/9c01802ddb981e6bcfbec0f0516b8e35-Abstract.html"
}