{
    "title": "Modeling human function learning with Gaussian processes",
    "authors": [
        "Thomas Griffiths",
        "Chris Lucas",
        "Joseph Williams",
        "Michael Kalish"
    ],
    "abstract": "Accounts of how people learn functional relationships between continuous variables have tended to focus on two possibilities: that people are estimating explicit functions, or that they are simply performing associative learning supported by similarity. We provide a rational analysis of function learning, drawing on work on regression in machine learning and statistics. Using the equivalence of Bayesian linear regression and Gaussian processes, we show that learning explicit rules and using similarity can be seen as two views of one solution to this problem. We use this insight to define a Gaussian process model of human function learning that combines the strengths of both approaches.",
    "pdf_url": "https://papers.nips.cc/paper_files/paper/2008/file/07c5807d0d927dcd0980f86024e5208b-Paper.pdf",
    "paper_url": "https://papers.nips.cc/paper_files/paper/2008/hash/07c5807d0d927dcd0980f86024e5208b-Abstract.html"
}