{
    "title": "Multi-armed bandits on implicit metric spaces",
    "authors": [
        "Aleksandrs Slivkins"
    ],
    "abstract": "The multi-armed bandit (MAB) setting is a useful abstraction of many online learning tasks which focuses on the trade-off between exploration and exploitation. In this setting, an online algorithm has a fixed set of alternatives (\"arms\"), and in each round it selects one arm and then observes the corresponding reward. While the case of small number of arms is by now well-understood, a lot of recent work has focused on multi-armed bandits with (infinitely) many arms, where one needs to assume extra structure in order to make the problem tractable. In particular, in the Lipschitz MAB problem there is an underlying similarity metric space, known to the algorithm, such that any two arms that are close in this metric space have similar payoffs.  In this paper we consider the more realistic scenario in which the metric space isimplicit-- it is defined by the available structure but not revealed to the algorithm directly. Specifically, we assume that an algorithm is given a tree-based classification of arms. For any given problem instance such a classification implicitly defines a similarity metric space, but the numerical similarity information is not available to the algorithm. We provide an algorithm for this setting, whose performance guarantees (almost) match the best known guarantees for the corresponding instance of the Lipschitz MAB problem.",
    "pdf_url": "https://papers.nips.cc/paper_files/paper/2011/file/7634ea65a4e6d9041cfd3f7de18e334a-Paper.pdf",
    "paper_url": "https://papers.nips.cc/paper_files/paper/2011/hash/7634ea65a4e6d9041cfd3f7de18e334a-Abstract.html"
}