{
    "title": "Multi-task Gaussian Process Prediction",
    "authors": [
        "Edwin V. Bonilla",
        "Kian Chai",
        "Christopher Williams"
    ],
    "abstract": "In this paper we investigate multi-task learning in the context of Gaussian Pro- cesses (GP). We propose a model that learns a shared covariance function on input-dependent features and a \u201cfree-form\u201d covariance matrix over tasks. This al- lows for good \ufb02exibility when modelling inter-task dependencies while avoiding the need for large amounts of data for training. We show that under the assump- tion of noise-free observations and a block design, predictions for a given task only depend on its target values and therefore a cancellation of inter-task trans- fer occurs. We evaluate the bene\ufb01ts of our model on two practical applications: a compiler performance prediction problem and an exam score prediction task. Additionally, we make use of GP approximations and properties of our model in order to provide scalability to large data sets.",
    "pdf_url": "https://papers.nips.cc/paper_files/paper/2007/file/66368270ffd51418ec58bd793f2d9b1b-Paper.pdf",
    "paper_url": "https://papers.nips.cc/paper_files/paper/2007/hash/66368270ffd51418ec58bd793f2d9b1b-Abstract.html"
}