{
    "title": "Multi-Label Prediction via Sparse Infinite CCA",
    "authors": [
        "Piyush Rai",
        "Hal Daume"
    ],
    "abstract": "Canonical Correlation Analysis (CCA) is a useful technique for modeling dependencies between two (or more) sets of variables. Building upon the recently suggested probabilistic interpretation of CCA, we propose a nonparametric, fully Bayesian framework that can automatically select the number of correlation components, and effectively capture the sparsity underlying the projections. In addition, given (partially) labeled data, our algorithm can also be used as a (semi)supervised dimensionality reduction technique, and can be applied to learn useful predictive features in the context of learning a set of related tasks. Experimental results demonstrate the efficacy of the proposed approach for both CCA as a stand-alone problem, and when applied to multi-label prediction.",
    "pdf_url": "https://papers.nips.cc/paper_files/paper/2009/file/09c6c3783b4a70054da74f2538ed47c6-Paper.pdf",
    "paper_url": "https://papers.nips.cc/paper_files/paper/2009/hash/09c6c3783b4a70054da74f2538ed47c6-Abstract.html"
}