{
    "title": "Multivariate Dyadic Regression Trees for Sparse Learning Problems",
    "authors": [
        "Han Liu",
        "Xi Chen"
    ],
    "abstract": "We propose a new nonparametric learning method based on multivariate dyadic regression trees (MDRTs).  Unlike traditional dyadic decision trees (DDTs) or classification and regression trees (CARTs), MDRTs are constructed using penalized empirical risk minimization with a novel sparsity-inducing penalty.  Theoretically, we show that MDRTs can simultaneously adapt to the unknown sparsity and smoothness of the true regression functions, and achieve the nearly optimal rates of convergence (in a minimax sense) for the class of $(\\alpha, C)$-smooth functions. Empirically, MDRTs can simultaneously conduct function estimation and variable selection in high dimensions. To make MDRTs applicable  for large-scale learning problems, we propose a greedy heuristics. The superior performance of MDRTs are demonstrated on both synthetic and real datasets.",
    "pdf_url": "https://papers.nips.cc/paper_files/paper/2010/file/8f121ce07d74717e0b1f21d122e04521-Paper.pdf",
    "paper_url": "https://papers.nips.cc/paper_files/paper/2010/hash/8f121ce07d74717e0b1f21d122e04521-Abstract.html"
}