{
    "title": "Multitask Learning without Label Correspondences",
    "authors": [
        "Novi Quadrianto",
        "James Petterson",
        "Tib\u00e9rio Caetano",
        "Alex Smola",
        "S.v.n. Vishwanathan"
    ],
    "abstract": "We propose an algorithm to perform multitask learning where each task has potentially distinct label sets and label correspondences are not readily available. This is in contrast with existing methods which either assume that the label sets shared by different tasks are the same or that there exists a label mapping oracle. Our method directly maximizes the mutual information among the labels, and we show that the resulting objective function can be efficiently optimized using existing algorithms. Our proposed approach has a direct application for data integration with different label spaces for the purpose of classification, such as integrating Yahoo! and DMOZ web directories.",
    "pdf_url": "https://papers.nips.cc/paper_files/paper/2010/file/aff1621254f7c1be92f64550478c56e6-Paper.pdf",
    "paper_url": "https://papers.nips.cc/paper_files/paper/2010/hash/aff1621254f7c1be92f64550478c56e6-Abstract.html"
}