{
    "title": "Natural Policy Gradient Methods with Parameter-based Exploration for Control Tasks",
    "authors": [
        "Atsushi Miyamae",
        "Yuichi Nagata",
        "Isao Ono",
        "Shigenobu Kobayashi"
    ],
    "abstract": "In this paper, we propose an efficient algorithm for estimating the natural policy gradient with parameter-based exploration; this algorithm samples directly in the parameter space. Unlike previous methods based on natural gradients, our algorithm calculates the natural policy gradient using the inverse of the exact Fisher information matrix. The computational cost of this algorithm is equal to that of conventional policy gradients whereas previous natural policy gradient methods have a prohibitive computational cost. Experimental results show that the proposed method outperforms several policy gradient methods.",
    "pdf_url": "https://papers.nips.cc/paper_files/paper/2010/file/44c4c17332cace2124a1a836d9fc4b6f-Paper.pdf",
    "paper_url": "https://papers.nips.cc/paper_files/paper/2010/hash/44c4c17332cace2124a1a836d9fc4b6f-Abstract.html"
}