{
    "title": "Neural characterization in partially observed populations of spiking neurons",
    "authors": [
        "Jonathan Pillow",
        "Peter Latham"
    ],
    "abstract": "Point process encoding models provide powerful statistical methods for under- standing the responses of neurons to sensory stimuli. Although these models have been successfully applied to neurons in the early sensory pathway, they have fared less well capturing the response properties of neurons in deeper brain areas, ow- ing in part to the fact that they do not take into account multiple stages of pro- cessing. Here we introduce a new twist on the point-process modeling approach: we include unobserved as well as observed spiking neurons in a joint encoding model. The resulting model exhibits richer dynamics and more highly nonlinear response properties, making it more powerful and more \ufb02exible for \ufb01tting neural data. More importantly, it allows us to estimate connectivity patterns among neu- rons (both observed and unobserved), and may provide insight into how networks process sensory input. We formulate the estimation procedure using variational EM and the wake-sleep algorithm, and illustrate the model\u2019s performance using a simulated example network consisting of two coupled neurons.",
    "pdf_url": "https://papers.nips.cc/paper_files/paper/2007/file/2bcab9d935d219641434683dd9d18a03-Paper.pdf",
    "paper_url": "https://papers.nips.cc/paper_files/paper/2007/hash/2bcab9d935d219641434683dd9d18a03-Abstract.html"
}