{
    "title": "Non-Stochastic Bandit Slate Problems",
    "authors": [
        "Satyen Kale",
        "Lev Reyzin",
        "Robert E. Schapire"
    ],
    "abstract": "We consider bandit problems, motivated by applications in online advertising and news story selection, in which the learner must repeatedly select a slate, that is, a subset of size s from K possible actions, and then receives rewards for just the selected actions. The goal is to minimize the regret with respect to total reward of the best slate computed in hindsight. We consider unordered and ordered versions of the problem, and give efficient algorithms which have regret O(sqrt(T)), where the constant depends on the specific nature of the problem. We also consider versions of the problem where we have access to a number of policies which make recommendations for slates in every round, and give algorithms with O(sqrt(T)) regret for competing with the best such policy as well. We make use of the technique of relative entropy projections combined with the usual multiplicative weight update algorithm to obtain our algorithms.",
    "pdf_url": "https://papers.nips.cc/paper_files/paper/2010/file/390e982518a50e280d8e2b535462ec1f-Paper.pdf",
    "paper_url": "https://papers.nips.cc/paper_files/paper/2010/hash/390e982518a50e280d8e2b535462ec1f-Abstract.html"
}