{
    "title": "Non-parametric Regression Between Manifolds",
    "authors": [
        "Florian Steinke",
        "Matthias Hein"
    ],
    "abstract": "This paper discusses non-parametric regression between Riemannian manifolds. This learning problem arises frequently in many application areas ranging from signal processing, computer vision, over robotics to computer graphics. We present a new algorithmic scheme for the solution of this general learning problem based on regularized empirical risk minimization. The regularization functional takes into account the geometry of input and output manifold, and we show that it implements a prior which is particularly natural. Moreover, we demonstrate that our algorithm performs well in a difficult surface registration problem.",
    "pdf_url": "https://papers.nips.cc/paper_files/paper/2008/file/e555ebe0ce426f7f9b2bef0706315e0c-Paper.pdf",
    "paper_url": "https://papers.nips.cc/paper_files/paper/2008/hash/e555ebe0ce426f7f9b2bef0706315e0c-Abstract.html"
}