{
    "title": "Nonparametric Latent Feature Models for Link Prediction",
    "authors": [
        "Kurt Miller",
        "Michael Jordan",
        "Thomas Griffiths"
    ],
    "abstract": "As the availability and importance of relational data -- such as the friendships summarized on a social networking website -- increases, it becomes increasingly important to have good models for such data.  The kinds of latent structure that have been considered for use in predicting links in such networks have been relatively limited. In particular, the machine learning community has focused on latent class models, adapting nonparametric Bayesian methods to jointly infer how many latent classes there are while learning which entities belong to each class. We pursue a similar approach with a richer kind of latent variable -- latent features -- using a nonparametric Bayesian technique to simultaneously infer the number of features at the same time we learn which entities have each feature. The greater expressiveness of this approach allows us to improve link prediction on three datasets.",
    "pdf_url": "https://papers.nips.cc/paper_files/paper/2009/file/437d7d1d97917cd627a34a6a0fb41136-Paper.pdf",
    "paper_url": "https://papers.nips.cc/paper_files/paper/2009/hash/437d7d1d97917cd627a34a6a0fb41136-Abstract.html"
}