{
    "title": "Nonparametric Greedy Algorithms for the Sparse Learning Problem",
    "authors": [
        "Han Liu",
        "Xi Chen"
    ],
    "abstract": "This paper studies the forward greedy strategy in sparse nonparametric regression. For additive models, we propose an algorithm called additive forward regression; for general multivariate regression, we propose an algorithm called generalized forward regression. Both of them simultaneously conduct estimation and variable selection in nonparametric settings for the high dimensional sparse learning problem. Our main emphasis is empirical: on both simulated and real data, these two simple greedy methods can clearly outperform several state-of-the-art competitors, including the LASSO, a nonparametric version of the LASSO called the sparse additive model (SpAM) and a recently proposed adaptive parametric forward-backward algorithm called the Foba. Some theoretical justifications are also provided.",
    "pdf_url": "https://papers.nips.cc/paper_files/paper/2009/file/0cb929eae7a499e50248a3a78f7acfc7-Paper.pdf",
    "paper_url": "https://papers.nips.cc/paper_files/paper/2009/hash/0cb929eae7a499e50248a3a78f7acfc7-Abstract.html"
}