{
    "title": "Nonparametric sparse hierarchical models describe V1 fMRI responses to natural images",
    "authors": [
        "Vincent Q. Vu",
        "Bin Yu",
        "Thomas Naselaris",
        "Kendrick Kay",
        "Jack Gallant",
        "Pradeep Ravikumar"
    ],
    "abstract": "We propose a novel hierarchical, nonlinear model that predicts brain activity in area V1 evoked by natural images. In the study reported here brain activity was measured by means of functional magnetic resonance imaging (fMRI), a noninvasive technique that provides an indirect measure of neural activity pooled over a small volume (~ 2mm cube) of brain tissue. Our model, which we call the SpAM V1 model, is based on the reasonable assumption that fMRI measurements reflect the (possibly nonlinearly) pooled, rectified output of a large population of simple and complex cells in V1. It has a hierarchical filtering stage that consists of three layers: model simple cells, model complex cells, and a third layer in which the complex cells are linearly pooled (called \u00e2\u0080\u009cpooled-complex\u00e2\u0080\u009d cells). The pooling stage then obtains the measured fMRI signals as a sparse additive model (SpAM) in which a sparse nonparametric (nonlinear) combination of model complex cell and model pooled-complex cell outputs are summed. Our results show that the SpAM V1 model predicts fMRI responses evoked by natural images better than a benchmark model that only provides linear pooling of model complex cells. Furthermore, the spatial receptive fields, frequency tuning and orientation tuning curves of the SpAM V1 model estimated for each voxel appears to be consistent with the known properties of V1, and with previous analyses of this data set. A visualization procedure applied to the SpAM V1 model shows that most of the nonlinear pooling consists of simple compressive or saturating nonlinearities.",
    "pdf_url": "https://papers.nips.cc/paper_files/paper/2008/file/1ce927f875864094e3906a4a0b5ece68-Paper.pdf",
    "paper_url": "https://papers.nips.cc/paper_files/paper/2008/hash/1ce927f875864094e3906a4a0b5ece68-Abstract.html"
}