{
    "title": "On Causal Discovery with Cyclic Additive Noise Models",
    "authors": [
        "Joris M. Mooij",
        "Dominik Janzing",
        "Tom Heskes",
        "Bernhard Sch\u00f6lkopf"
    ],
    "abstract": "We study a particular class of cyclic causal models, where each variable is a (possibly nonlinear) function of its parents and additive noise. We prove that the causal graph of such models is generically identifiable in the bivariate, Gaussian-noise case. We also propose a method to learn such models from observational data. In the acyclic case, the method reduces to ordinary regression, but in the more challenging cyclic case, an additional term arises in the loss function, which makes it a special case of nonlinear independent component analysis. We illustrate the proposed method on synthetic data.",
    "pdf_url": "https://papers.nips.cc/paper_files/paper/2011/file/d61e4bbd6393c9111e6526ea173a7c8b-Paper.pdf",
    "paper_url": "https://papers.nips.cc/paper_files/paper/2011/hash/d61e4bbd6393c9111e6526ea173a7c8b-Abstract.html"
}