{
    "title": "On fast approximate submodular minimization",
    "authors": [
        "Stefanie Jegelka",
        "Hui Lin",
        "Jeff A. Bilmes"
    ],
    "abstract": "We are motivated by an application to extract a representative subset of machine learning training data and by the poor empirical performance we observe of the popular minimum norm algorithm. In fact, for our application, minimum norm can have a running time of about O(n^7 ) (O(n^5 ) oracle calls). We therefore propose a fast approximate method to minimize arbitrary submodular functions. For a large sub-class of submodular functions, the algorithm is exact. Other submodular functions are iteratively approximated by tight submodular upper bounds, and then repeatedly optimized. We show theoretical properties, and empirical results suggest significant speedups over minimum norm while retaining higher accuracies.",
    "pdf_url": "https://papers.nips.cc/paper_files/paper/2011/file/d81f9c1be2e08964bf9f24b15f0e4900-Paper.pdf",
    "paper_url": "https://papers.nips.cc/paper_files/paper/2011/hash/d81f9c1be2e08964bf9f24b15f0e4900-Abstract.html"
}