{
    "title": "On the Theory of Learnining with Privileged Information",
    "authors": [
        "Dmitry Pechyony",
        "Vladimir Vapnik"
    ],
    "abstract": "In Learning Using Privileged Information (LUPI) paradigm, along with the standard training data in the decision space, a teacher supplies a learner with the privileged information in the correcting space. The goal of the learner is to find a classifier with a low generalization error in the decision space. We consider a new version of  empirical risk minimization algorithm, called Privileged ERM, that takes into account the privileged information in order to find a good function in the decision space. We outline the conditions on the correcting space that, if satisfied, allow Privileged ERM to have much faster learning rate in the decision space than the one of the regular empirical risk minimization.",
    "pdf_url": "https://papers.nips.cc/paper_files/paper/2010/file/c73dfe6c630edb4c1692db67c510f65c-Paper.pdf",
    "paper_url": "https://papers.nips.cc/paper_files/paper/2010/hash/c73dfe6c630edb4c1692db67c510f65c-Abstract.html"
}