{
    "title": "Online Learning: Random Averages, Combinatorial Parameters, and Learnability",
    "authors": [
        "Alexander Rakhlin",
        "Karthik Sridharan",
        "Ambuj Tewari"
    ],
    "abstract": "We develop a theory of online learning by defining several complexity measures. Among them are analogues of Rademacher complexity, covering numbers and fat-shattering dimension from statistical learning theory. Relationship among these complexity measures, their connection to online learning, and tools for bounding them are provided. We apply these results to various learning problems. We provide a complete characterization of online learnability in the supervised setting.",
    "pdf_url": "https://papers.nips.cc/paper_files/paper/2010/file/e00406144c1e7e35240afed70f34166a-Paper.pdf",
    "paper_url": "https://papers.nips.cc/paper_files/paper/2010/hash/e00406144c1e7e35240afed70f34166a-Abstract.html"
}