{
    "title": "Online Prediction on Large Diameter Graphs",
    "authors": [
        "Mark Herbster",
        "Guy Lever",
        "Massimiliano Pontil"
    ],
    "abstract": "Current on-line learning algorithms for predicting the labelling of a graph have an important limitation in the case of large diameter graphs; the number of mistakes made by such algorithms may be proportional to the square root of the number of vertices, even when tackling simple problems. We overcome this problem with an efficient algorithm which achieves a logarithmic mistake bound. Furthermore, current algorithms are optimised for data which exhibits cluster-structure; we give an additional algorithm which performs well locally in the presence of cluster structure and on large diameter graphs.",
    "pdf_url": "https://papers.nips.cc/paper_files/paper/2008/file/d736bb10d83a904aefc1d6ce93dc54b8-Paper.pdf",
    "paper_url": "https://papers.nips.cc/paper_files/paper/2008/hash/d736bb10d83a904aefc1d6ce93dc54b8-Abstract.html"
}