{
    "title": "Optimal Reinforcement Learning for Gaussian Systems",
    "authors": [
        "Philipp Hennig"
    ],
    "abstract": "The exploration-exploitation trade-off is among the central challenges of reinforcement learning. The optimal Bayesian solution is intractable in general. This paper studies to what extent analytic statements about optimal learning are possible if all beliefs are Gaussian processes. A first order approximation of learning of both loss and dynamics, for nonlinear, time-varying systems in continuous time and space, subject to a relatively weak restriction on the dynamics, is described by an infinite-dimensional partial differential equation. An approximate finite-dimensional projection gives an impression for how this result may be helpful.",
    "pdf_url": "https://papers.nips.cc/paper_files/paper/2011/file/e4a6222cdb5b34375400904f03d8e6a5-Paper.pdf",
    "paper_url": "https://papers.nips.cc/paper_files/paper/2011/hash/e4a6222cdb5b34375400904f03d8e6a5-Abstract.html"
}