{
    "title": "Optimal learning rates for least squares SVMs using Gaussian kernels",
    "authors": [
        "Mona Eberts",
        "Ingo Steinwart"
    ],
    "abstract": "We prove a new oracle inequality for support vector machines with Gaussian RBF kernels solving the regularized least squares regression problem. To this end, we apply the modulus of smoothness. With the help of the new oracle inequality we then derive learning rates that can also be achieved by a simple data-dependent parameter selection method. Finally, it turns out that our learning rates are asymptotically optimal for regression functions satisfying certain standard smoothness conditions.",
    "pdf_url": "https://papers.nips.cc/paper_files/paper/2011/file/51ef186e18dc00c2d31982567235c559-Paper.pdf",
    "paper_url": "https://papers.nips.cc/paper_files/paper/2011/hash/51ef186e18dc00c2d31982567235c559-Abstract.html"
}