{
    "title": "PAC-Bayesian Model Selection for Reinforcement Learning",
    "authors": [
        "M. Fard",
        "Joelle Pineau"
    ],
    "abstract": "This paper introduces the first set of PAC-Bayesian bounds for the batch reinforcement learning problem in finite state spaces. These bounds hold regardless of the correctness of the prior distribution. We demonstrate how such bounds can be used for model-selection in control problems where prior information is available either on the dynamics of the environment, or on the value of actions. Our empirical results confirm that PAC-Bayesian model-selection is able to leverage prior distributions when they are informative and, unlike standard Bayesian RL approaches, ignores them when they are misleading.",
    "pdf_url": "https://papers.nips.cc/paper_files/paper/2010/file/66368270ffd51418ec58bd793f2d9b1b-Paper.pdf",
    "paper_url": "https://papers.nips.cc/paper_files/paper/2010/hash/66368270ffd51418ec58bd793f2d9b1b-Abstract.html"
}