{
    "title": "Penalty Decomposition Methods for Rank Minimization",
    "authors": [
        "Yong Zhang",
        "Zhaosong Lu"
    ],
    "abstract": "In this paper we consider general rank minimization problems with rank appearing in either objective function or constraint. We first show that a class of matrix optimization problems can be solved as lower dimensional vector optimization problems. As a consequence, we establish that a class of rank minimization problems have closed form solutions. Using this result, we then propose penalty decomposition methods for general rank minimization problems. The convergence results of the PD methods have been shown in the longer version of the paper. Finally, we test the performance of our methods by applying them to matrix completion and nearest low-rank correlation matrix problems. The computational results demonstrate that our methods generally outperform the existing methods in terms of solution quality and/or speed.",
    "pdf_url": "https://papers.nips.cc/paper_files/paper/2011/file/7f39f8317fbdb1988ef4c628eba02591-Paper.pdf",
    "paper_url": "https://papers.nips.cc/paper_files/paper/2011/hash/7f39f8317fbdb1988ef4c628eba02591-Abstract.html"
}