{
    "title": "Periodic Step Size Adaptation for Single Pass On-line Learning",
    "authors": [
        "Chun-nan Hsu",
        "Yu-ming Chang",
        "Hanshen Huang",
        "Yuh-jye Lee"
    ],
    "abstract": "It has been established that the second-order stochastic gradient descent (2SGD) method can potentially achieve generalization performance as well as empirical optimum in a single pass (i.e., epoch) through the training examples. However, 2SGD requires computing the inverse of the Hessian matrix of the loss function, which is prohibitively expensive. This paper presents Periodic Step-size Adaptation (PSA), which approximates the Jacobian matrix of the mapping function and explores a linear relation between the Jacobian and Hessian to approximate the Hessian periodically and achieve near-optimal results in experiments on a wide variety of models and tasks.",
    "pdf_url": "https://papers.nips.cc/paper_files/paper/2009/file/884d79963bd8bc0ae9b13a1aa71add73-Paper.pdf",
    "paper_url": "https://papers.nips.cc/paper_files/paper/2009/hash/884d79963bd8bc0ae9b13a1aa71add73-Abstract.html"
}