{
    "title": "Policy gradients in linearly-solvable MDPs",
    "authors": [
        "Emanuel Todorov"
    ],
    "abstract": "We present policy gradient results within the framework of linearly-solvable MDPs. For the first time, compatible function approximators and natural policy gradients are obtained by estimating the cost-to-go function, rather than the (much larger) state-action advantage function as is necessary in traditional MDPs. We also develop the first compatible function approximators and natural policy gradients for continuous-time stochastic systems.",
    "pdf_url": "https://papers.nips.cc/paper_files/paper/2010/file/69421f032498c97020180038fddb8e24-Paper.pdf",
    "paper_url": "https://papers.nips.cc/paper_files/paper/2010/hash/69421f032498c97020180038fddb8e24-Abstract.html"
}