{
    "title": "Polynomial Semantic Indexing",
    "authors": [
        "Bing Bai",
        "Jason Weston",
        "David Grangier",
        "Ronan Collobert",
        "Kunihiko Sadamasa",
        "Yanjun Qi",
        "Corinna Cortes",
        "Mehryar Mohri"
    ],
    "abstract": "We present a class of nonlinear (polynomial) models that are discriminatively trained to directly map from the word content in a query-document or document-document pair to a ranking score. Dealing with polynomial models on word features is computationally challenging. We propose a low rank (but diagonal preserving) representation of our polynomial models to induce feasible memory and computation requirements. We provide an empirical study on retrieval tasks based on Wikipedia documents, where we obtain state-of-the-art performance while providing realistically scalable methods.",
    "pdf_url": "https://papers.nips.cc/paper_files/paper/2009/file/7504adad8bb96320eb3afdd4df6e1f60-Paper.pdf",
    "paper_url": "https://papers.nips.cc/paper_files/paper/2009/hash/7504adad8bb96320eb3afdd4df6e1f60-Abstract.html"
}