{
    "title": "Portmanteau Vocabularies for Multi-Cue Image Representation",
    "authors": [
        "Fahad Khan",
        "Joost Weijer",
        "Andrew Bagdanov",
        "Maria Vanrell"
    ],
    "abstract": "We describe a novel technique for feature combination in the bag-of-words model of image classification. Our approach builds discriminative compound words from primitive cues learned independently from training images. Our main observation is that modeling joint-cue distributions independently is more statistically robust for typical classification problems than attempting to empirically estimate the dependent, joint-cue distribution directly. We use Information theoretic vocabulary compression to find discriminative combinations of cues and the resulting vocabulary of portmanteau words is compact, has the cue binding property, and supports individual weighting of cues in the final image representation. State-of-the-art results on both the Oxford Flower-102 and Caltech-UCSD Bird-200 datasets demonstrate the effectiveness of our technique compared to other, significantly more complex approaches to multi-cue image representation",
    "pdf_url": "https://papers.nips.cc/paper_files/paper/2011/file/86b122d4358357d834a87ce618a55de0-Paper.pdf",
    "paper_url": "https://papers.nips.cc/paper_files/paper/2011/hash/86b122d4358357d834a87ce618a55de0-Abstract.html"
}