{
    "title": "Pose-Sensitive Embedding by Nonlinear NCA Regression",
    "authors": [
        "Graham W. Taylor",
        "Rob Fergus",
        "George Williams",
        "Ian Spiro",
        "Christoph Bregler"
    ],
    "abstract": "This paper tackles the complex problem of visually matching people in similar pose but with different clothes, background, and other appearance changes. We achieve this with a novel method for learning a nonlinear embedding based on several extensions to the Neighborhood Component Analysis (NCA) framework. Our method is convolutional, enabling it to scale to realistically-sized images. By cheaply labeling the head and hands in large video databases through Amazon Mechanical Turk (a crowd-sourcing service), we can use the task of localizing the head and hands as a proxy for determining body pose. We apply our method to challenging real-world data and show that it can generalize beyond hand localization to infer a more general notion of body pose. We evaluate our method quantitatively against other embedding methods. We also demonstrate that real-world performance can be improved through the use of synthetic data.",
    "pdf_url": "https://papers.nips.cc/paper_files/paper/2010/file/d56b9fc4b0f1be8871f5e1c40c0067e7-Paper.pdf",
    "paper_url": "https://papers.nips.cc/paper_files/paper/2010/hash/d56b9fc4b0f1be8871f5e1c40c0067e7-Abstract.html"
}