{
    "title": "Predictive Subspace Learning for Multi-view Data: a Large Margin Approach",
    "authors": [
        "Ning Chen",
        "Jun Zhu",
        "Eric Xing"
    ],
    "abstract": "Learning from multi-view data is important in many applications, such as image classification and annotation. In this paper, we present a large-margin learning framework to discover a predictive latent subspace representation shared by multiple views. Our approach is based on an undirected latent space Markov network that fulfills a weak conditional independence assumption that multi-view observations and response variables are independent given a set of latent variables. We provide efficient inference and parameter estimation methods for the latent subspace model. Finally, we demonstrate the advantages of large-margin learning on real video and web image data for discovering predictive latent representations and improving the performance on image classification, annotation and retrieval.",
    "pdf_url": "https://papers.nips.cc/paper_files/paper/2010/file/8e6b42f1644ecb1327dc03ab345e618b-Paper.pdf",
    "paper_url": "https://papers.nips.cc/paper_files/paper/2010/hash/8e6b42f1644ecb1327dc03ab345e618b-Abstract.html"
}