{
    "title": "Quantification and the language of thought",
    "authors": [
        "Charles Kemp"
    ],
    "abstract": "Many researchers have suggested that the psychological complexity of a concept is related to the length of its representation in a language of thought.  As yet, however, there are few concrete proposals about the nature of this language. This paper makes one such proposal: the language of thought allows first order quantification (quantification over objects) more readily than second-order quantification (quantification over features). To support this proposal we present behavioral results from a concept learning study inspired by the work of Shepard, Hovland and Jenkins.\"",
    "pdf_url": "https://papers.nips.cc/paper_files/paper/2009/file/82161242827b703e6acf9c726942a1e4-Paper.pdf",
    "paper_url": "https://papers.nips.cc/paper_files/paper/2009/hash/82161242827b703e6acf9c726942a1e4-Abstract.html"
}