{
    "title": "Reading Tea Leaves: How Humans Interpret Topic Models",
    "authors": [
        "Jonathan Chang",
        "Sean Gerrish",
        "Chong Wang",
        "Jordan Boyd-graber",
        "David Blei"
    ],
    "abstract": "Probabilistic topic models are a popular tool for the unsupervised analysis of text, providing both a predictive model of future text and a latent topic representation of the corpus. Practitioners typically assume that the latent space is semantically meaningful. It is used to check models, summarize the corpus, and guide exploration of its contents. However, whether the latent space is interpretable is in need of quantitative evaluation. In this paper, we present new quantitative methods for measuring semantic meaning in inferred topics. We back these measures with large-scale user studies, showing that they capture aspects of the model that are undetected by previous measures of model quality based on held-out likelihood. Surprisingly, topic models which perform better on held-out likelihood may infer less semantically meaningful topics.",
    "pdf_url": "https://papers.nips.cc/paper_files/paper/2009/file/f92586a25bb3145facd64ab20fd554ff-Paper.pdf",
    "paper_url": "https://papers.nips.cc/paper_files/paper/2009/hash/f92586a25bb3145facd64ab20fd554ff-Abstract.html"
}