{
    "title": "Recursive Segmentation and Recognition Templates for 2D Parsing",
    "authors": [
        "Leo Zhu",
        "Yuanhao Chen",
        "Yuan Lin",
        "Chenxi Lin",
        "Alan L. Yuille"
    ],
    "abstract": "Language and image understanding are two major goals of arti\ufb01cial intelligence which can both be conceptually formulated in terms of parsing the input signal into a hierarchical representation. Natural language researchers have made great progress by exploiting the 1D structure of language to design ef\ufb01cient polynomial- time parsing algorithms. By contrast, the two-dimensional nature of images makes it much harder to design ef\ufb01cient image parsers and the form of the hierarchical representations is also unclear. Attempts to adapt representations and algorithms from natural language have only been partially successful. In this paper, we propose a Hierarchical Image Model (HIM) for 2D image pars- ing which outputs image segmentation and object recognition. This HIM is rep- resented by recursive segmentation and recognition templates in multiple layers and has advantages for representation, inference, and learning. Firstly, the HIM has a coarse-to-\ufb01ne representation which is capable of capturing long-range de- pendency and exploiting different levels of contextual information. Secondly, the structure of the HIM allows us to design a rapid inference algorithm, based on dy- namic programming, which enables us to parse the image rapidly in polynomial time. Thirdly, we can learn the HIM ef\ufb01ciently in a discriminative manner from a labeled dataset. We demonstrate that HIM outperforms other state-of-the-art methods by evaluation on the challenging public MSRC image dataset. Finally, we sketch how the HIM architecture can be extended to model more complex image phenomena.",
    "pdf_url": "https://papers.nips.cc/paper_files/paper/2008/file/703957b6dd9e3a7980e040bee50ded65-Paper.pdf",
    "paper_url": "https://papers.nips.cc/paper_files/paper/2008/hash/703957b6dd9e3a7980e040bee50ded65-Abstract.html"
}