{
    "title": "RTRMC: A Riemannian trust-region method for low-rank matrix completion",
    "authors": [
        "Nicolas Boumal",
        "Pierre-antoine Absil"
    ],
    "abstract": "We consider large matrices of low rank. We address the problem of recovering such matrices when most of the entries are unknown. Matrix completion finds applications in recommender systems. In this setting, the rows of the matrix may correspond to items and the columns may correspond to users. The known entries are the ratings given by users to some items. The aim is to predict the unobserved ratings. This problem is commonly stated in a constrained optimization framework. We follow an approach that exploits the geometry of the low-rank constraint to recast the problem as an unconstrained optimization problem on the Grassmann manifold. We then apply first- and second-order Riemannian trust-region methods to solve it. The cost of each iteration is linear in the number of known entries. Our methods, RTRMC 1 and 2, outperform state-of-the-art algorithms on a wide range of problem instances.",
    "pdf_url": "https://papers.nips.cc/paper_files/paper/2011/file/37bc2f75bf1bcfe8450a1a41c200364c-Paper.pdf",
    "paper_url": "https://papers.nips.cc/paper_files/paper/2011/hash/37bc2f75bf1bcfe8450a1a41c200364c-Abstract.html"
}