{
    "title": "Scalable Training of Mixture Models via Coresets",
    "authors": [
        "Dan Feldman",
        "Matthew Faulkner",
        "Andreas Krause"
    ],
    "abstract": "How can we train a statistical mixture model on a massive data set? In this paper, we show how to construct coresets for mixtures of Gaussians and natural generalizations. A coreset is a weighted subset of the data, which guarantees that models fitting the coreset will also provide a good fit for the original data set. We show that, perhaps surprisingly, Gaussian mixtures admit coresets of size independent of the size of the data set. More precisely, we prove that a weighted set of $O(dk^3/\\eps^2)$ data points suffices for computing a $(1+\\eps)$-approximation for the optimal model on the original $n$ data points. Moreover, such coresets can be efficiently constructed in a map-reduce style computation, as well as in a streaming setting. Our results rely on a novel reduction of statistical estimation to problems in computational geometry, as well as new complexity results about mixtures of Gaussians. We empirically evaluate our algorithms on several real data sets, including a density estimation problem in the context of earthquake detection using accelerometers in  mobile phones.",
    "pdf_url": "https://papers.nips.cc/paper_files/paper/2011/file/2b6d65b9a9445c4271ab9076ead5605a-Paper.pdf",
    "paper_url": "https://papers.nips.cc/paper_files/paper/2011/hash/2b6d65b9a9445c4271ab9076ead5605a-Abstract.html"
}