{
    "title": "Space-Variant Single-Image Blind Deconvolution for Removing Camera Shake",
    "authors": [
        "Stefan Harmeling",
        "Hirsch Michael",
        "Bernhard Sch\u00f6lkopf"
    ],
    "abstract": "Modelling camera shake as a space-invariant convolution simplifies the problem of removing camera shake, but often insufficiently models actual motion blur such as those due to camera rotation and movements outside the sensor plane or when objects in the scene have different distances to the camera. In order to overcome such limitations we contribute threefold: (i) we introduce a taxonomy of camera shakes, (ii) we show how to combine a recently introduced framework for space-variant filtering based on overlap-add from Hirsch et al.~and a fast algorithm for single image blind deconvolution for space-invariant filters from Cho and Lee to introduce a method for blind deconvolution for space-variant blur. And (iii), we present an experimental setup for evaluation that allows us to take images with real camera shake while at the same time record the space-variant point spread function corresponding to that blur. Finally, we demonstrate that our method is able to deblur images degraded by spatially-varying blur originating from real camera shake.",
    "pdf_url": "https://papers.nips.cc/paper_files/paper/2010/file/7f5d04d189dfb634e6a85bb9d9adf21e-Paper.pdf",
    "paper_url": "https://papers.nips.cc/paper_files/paper/2010/hash/7f5d04d189dfb634e6a85bb9d9adf21e-Abstract.html"
}