{
    "title": "Sparse Online Learning via Truncated Gradient",
    "authors": [
        "John Langford",
        "Lihong Li",
        "Tong Zhang"
    ],
    "abstract": "We propose a general method called truncated gradient to induce sparsity in the weights of online-learning algorithms with convex loss. This method has several essential properties. First, the degree of sparsity is continuous---a parameter controls the rate of sparsification from no sparsification to total sparsification. Second, the approach is theoretically motivated, and an instance of it can be regarded as an online counterpart of the popular $L_1$-regularization method in the batch setting. We prove that small rates of sparsification result in only small additional regret with respect to typical online-learning guarantees. Finally, the approach works well empirically. We apply it to several datasets and find that for datasets with large numbers of features, substantial sparsity is discoverable.",
    "pdf_url": "https://papers.nips.cc/paper_files/paper/2008/file/92c8c96e4c37100777c7190b76d28233-Paper.pdf",
    "paper_url": "https://papers.nips.cc/paper_files/paper/2008/hash/92c8c96e4c37100777c7190b76d28233-Abstract.html"
}