{
    "title": "Statistical Performance of Convex Tensor Decomposition",
    "authors": [
        "Ryota Tomioka",
        "Taiji Suzuki",
        "Kohei Hayashi",
        "Hisashi Kashima"
    ],
    "abstract": "We analyze the statistical performance of a recently proposed convex tensor decomposition algorithm. Conventionally tensor decomposition has been formulated as non-convex optimization problems, which hindered the analysis of their performance. We show under some conditions that the mean squared error of the convex method scales linearly with the quantity we call the normalized rank of the true tensor. The current analysis naturally extends the analysis of convex low-rank matrix estimation to tensors. Furthermore, we show through numerical experiments that our theory can precisely predict the scaling behaviour in practice.",
    "pdf_url": "https://papers.nips.cc/paper_files/paper/2011/file/b2eeb7362ef83deff5c7813a67e14f0a-Paper.pdf",
    "paper_url": "https://papers.nips.cc/paper_files/paper/2011/hash/b2eeb7362ef83deff5c7813a67e14f0a-Abstract.html"
}