{
    "title": "Statistical Analysis of Semi-Supervised Regression",
    "authors": [
        "Larry Wasserman",
        "John Lafferty"
    ],
    "abstract": "Semi-supervised methods use unlabeled data in addition to labeled data to con- struct predictors. While existing semi-supervised methods have shown some promising empirical performance, their development has been based largely based on heuristics. In this paper we study semi-supervised learning from the viewpoint of minimax theory. Our \ufb01rst result shows that some common methods based on regularization using graph Laplacians do not lead to faster minimax rates of con- vergence. Thus, the estimators that use the unlabeled data do not have smaller risk than the estimators that use only labeled data. We then develop several new approaches that provably lead to improved performance. The statistical tools of minimax analysis are thus used to offer some new perspective on the problem of semi-supervised learning.",
    "pdf_url": "https://papers.nips.cc/paper_files/paper/2007/file/53c3bce66e43be4f209556518c2fcb54-Paper.pdf",
    "paper_url": "https://papers.nips.cc/paper_files/paper/2007/hash/53c3bce66e43be4f209556518c2fcb54-Abstract.html"
}