{
    "title": "Stochastic convex optimization with bandit feedback",
    "authors": [
        "Alekh Agarwal",
        "Dean P. Foster",
        "Daniel J. Hsu",
        "Sham M. Kakade",
        "Alexander Rakhlin"
    ],
    "abstract": "This paper addresses the problem of minimizing a convex, Lipschitz  function $f$ over a convex, compact set $X$ under a stochastic bandit feedback model. In this model, the algorithm is allowed to  observe noisy realizations of the function value $f(x)$ at any query  point $x \\in X$. We demonstrate a generalization of the  ellipsoid algorithm that incurs $O(\\poly(d)\\sqrt{T})$ regret. Since any algorithm has regret at least $\\Omega(\\sqrt{T})$  on this problem, our algorithm is optimal in terms of the scaling  with $T$.",
    "pdf_url": "https://papers.nips.cc/paper_files/paper/2011/file/67e103b0761e60683e83c559be18d40c-Paper.pdf",
    "paper_url": "https://papers.nips.cc/paper_files/paper/2011/hash/67e103b0761e60683e83c559be18d40c-Abstract.html"
}