{
    "title": "Stochastic Relational Models for Large-scale Dyadic Data using MCMC",
    "authors": [
        "Shenghuo Zhu",
        "Kai Yu",
        "Yihong Gong"
    ],
    "abstract": "Stochastic relational models provide a rich family of choices for learning and predicting dyadic data between two sets of entities. It generalizes matrix factorization to a supervised learning problem that utilizes attributes of objects in a hierarchical Bayesian framework. Previously empirical Bayesian inference was applied, which is however not scalable when the size of either object sets becomes tens of thousands. In this paper, we introduce a Markov chain Monte Carlo (MCMC) algorithm to scale the model to very large-scale dyadic data. Both superior scalability and predictive accuracy are demonstrated on a collaborative filtering problem, which involves tens of thousands users and a half million items.",
    "pdf_url": "https://papers.nips.cc/paper_files/paper/2008/file/2291d2ec3b3048d1a6f86c2c4591b7e0-Paper.pdf",
    "paper_url": "https://papers.nips.cc/paper_files/paper/2008/hash/2291d2ec3b3048d1a6f86c2c4591b7e0-Abstract.html"
}