{
    "title": "Submanifold density estimation",
    "authors": [
        "Arkadas Ozakin",
        "Alexander Gray"
    ],
    "abstract": "Kernel density estimation is the most widely-used practical method for accurate nonparametric density estimation. However, long-standing worst-case theoretical results showing that its performance worsens exponentially with the dimension of the data have quashed its application to modern high-dimensional datasets for decades. In practice, it has been recognized that often such data have a much lower-dimensional intrinsic structure. We propose a small modification to kernel density estimation for estimating probability density functions on Riemannian submanifolds of Euclidean space. Using ideas from Riemannian geometry, we prove the consistency of this modified estimator and show that the convergence rate is determined by the intrinsic dimension of the submanifold. We conclude with empirical results demonstrating the behavior predicted by our theory.",
    "pdf_url": "https://papers.nips.cc/paper_files/paper/2009/file/2ac2406e835bd49c70469acae337d292-Paper.pdf",
    "paper_url": "https://papers.nips.cc/paper_files/paper/2009/hash/2ac2406e835bd49c70469acae337d292-Abstract.html"
}