{
    "title": "Support Vector Machine Classification with Indefinite Kernels",
    "authors": [
        "Ronny Luss",
        "Alexandre D'aspremont"
    ],
    "abstract": "In this paper, we propose a method for support vector machine classification using indefinite kernels. Instead of directly minimizing or stabilizing a nonconvex loss function, our method simultaneously finds the support vectors and a proxy kernel matrix used in computing the loss. This can be interpreted as a robust classification problem where the indefinite kernel matrix is treated as a noisy observation of the true positive semidefinite kernel. Our formulation keeps the problem convex and relatively large problems can be solved efficiently using the analytic center cutting plane method. We compare the performance of our technique with other methods on several data sets.",
    "pdf_url": "https://papers.nips.cc/paper_files/paper/2007/file/c0c7c76d30bd3dcaefc96f40275bdc0a-Paper.pdf",
    "paper_url": "https://papers.nips.cc/paper_files/paper/2007/hash/c0c7c76d30bd3dcaefc96f40275bdc0a-Abstract.html"
}