{
    "title": "Switched Latent Force Models for Movement Segmentation",
    "authors": [
        "Mauricio Alvarez",
        "Jan Peters",
        "Neil Lawrence",
        "Bernhard Sch\u00f6lkopf"
    ],
    "abstract": "Latent force models encode the interaction between multiple related dynamical systems in the form of a kernel or covariance function. Each variable to be modeled is represented as the output of a differential equation and each differential equation is driven by a weighted sum of latent functions with uncertainty given by a Gaussian process prior. In this paper we consider employing the latent force model framework for the problem of determining robot motor primitives. To deal with discontinuities in the dynamical systems or the latent driving force we introduce an extension of the basic latent force model, that switches between different latent functions and potentially different dynamical systems. This creates a versatile representation for robot movements that can capture discrete changes and non-linearities in the dynamics. We give illustrative examples on both synthetic data and for striking movements recorded using a Barrett WAM robot as haptic input device. Our inspiration is robot motor primitives, but we expect our model to have wide application for dynamical systems including models for human motion capture data and systems biology.",
    "pdf_url": "https://papers.nips.cc/paper_files/paper/2010/file/3a029f04d76d32e79367c4b3255dda4d-Paper.pdf",
    "paper_url": "https://papers.nips.cc/paper_files/paper/2010/hash/3a029f04d76d32e79367c4b3255dda4d-Abstract.html"
}