{
    "title": "Syntactic Topic Models",
    "authors": [
        "Jordan Boyd-graber",
        "David Blei"
    ],
    "abstract": "We develop \\name\\ (STM), a nonparametric Bayesian model of parsed documents. \\Shortname\\ generates words that are both thematically and syntactically constrained, which combines the semantic insights of topic models with the syntactic information available from parse trees. Each word of a sentence is generated by a distribution that combines document-specific topic weights and parse-tree specific syntactic transitions. Words are assumed generated in an order that respects the parse tree. We derive an approximate posterior inference method based on variational methods for hierarchical Dirichlet processes, and we report qualitative and quantitative results on both synthetic data and hand-parsed documents.",
    "pdf_url": "https://papers.nips.cc/paper_files/paper/2008/file/8d3bba7425e7c98c50f52ca1b52d3735-Paper.pdf",
    "paper_url": "https://papers.nips.cc/paper_files/paper/2008/hash/8d3bba7425e7c98c50f52ca1b52d3735-Abstract.html"
}