{
    "title": "t-divergence Based Approximate Inference",
    "authors": [
        "Nan Ding",
        "Yuan Qi",
        "S.v.n. Vishwanathan"
    ],
    "abstract": "Approximate inference is an important technique for dealing with large, intractable graphical models based on the exponential family of distributions. We extend the idea of approximate inference to the t-exponential family by defining a new t-divergence. This divergence measure is obtained via convex duality between the log-partition function of the t-exponential family and a new t-entropy. We illustrate our approach on the Bayes Point Machine with a Student's t-prior.",
    "pdf_url": "https://papers.nips.cc/paper_files/paper/2011/file/8c235f89a8143a28a1d6067e959dd858-Paper.pdf",
    "paper_url": "https://papers.nips.cc/paper_files/paper/2011/hash/8c235f89a8143a28a1d6067e959dd858-Abstract.html"
}