{
    "title": "t-logistic regression",
    "authors": [
        "Nan Ding",
        "S.v.n. Vishwanathan"
    ],
    "abstract": "We extend logistic regression by using t-exponential families which were introduced recently in statistical physics. This gives rise to a regularized risk minimization problem with a non-convex loss  function. An efficient block coordinate descent optimization  scheme can be derived for estimating the parameters. Because of the  nature of the loss function, our algorithm is tolerant to label noise. Furthermore, unlike other algorithms which employ non-convex   loss functions, our algorithm is fairly robust to the choice of  initial values. We verify both these observations empirically on a  number of synthetic and real datasets.",
    "pdf_url": "https://papers.nips.cc/paper_files/paper/2010/file/96da2f590cd7246bbde0051047b0d6f7-Paper.pdf",
    "paper_url": "https://papers.nips.cc/paper_files/paper/2010/hash/96da2f590cd7246bbde0051047b0d6f7-Abstract.html"
}