{
    "title": "The Recurrent Temporal Restricted Boltzmann Machine",
    "authors": [
        "Ilya Sutskever",
        "Geoffrey E. Hinton",
        "Graham W. Taylor"
    ],
    "abstract": "The Temporal Restricted Boltzmann Machine (TRBM) is a probabilistic model for sequences that is able to successfully model (i.e., generate nice-looking samples of) several very high dimensional sequences, such as motion capture data and the pixels of low resolution videos of balls bouncing in a box. The major disadvantage of the TRBM is that exact inference is extremely hard, since even computing a Gibbs update for a single variable of the posterior is exponentially expensive. This difficulty has necessitated the use of a heuristic inference procedure, that nonetheless was accurate enough for successful learning. In this paper we introduce the Recurrent TRBM, which is a very slight modification of the TRBM for which exact inference is very easy and exact gradient learning is almost tractable. We demonstrate that the RTRBM is better than an analogous TRBM at generating motion capture and videos of bouncing balls.",
    "pdf_url": "https://papers.nips.cc/paper_files/paper/2008/file/9ad6aaed513b73148b7d49f70afcfb32-Paper.pdf",
    "paper_url": "https://papers.nips.cc/paper_files/paper/2008/hash/9ad6aaed513b73148b7d49f70afcfb32-Abstract.html"
}