{
    "title": "The Gaussian Process Density Sampler",
    "authors": [
        "Iain Murray",
        "David MacKay",
        "Ryan P. Adams"
    ],
    "abstract": "We present the Gaussian Process Density Sampler (GPDS), an exchangeable generative model for use in nonparametric Bayesian density estimation. Samples drawn from the GPDS are consistent with exact, independent samples from a fixed density function that is a transformation of a function drawn from a Gaussian process prior. Our formulation allows us to infer an unknown density from data using Markov chain Monte Carlo, which gives samples from the posterior distribution over density functions and from the predictive distribution on data space. We can also infer the hyperparameters of the Gaussian process. We compare this density modeling technique to several existing techniques on a toy problem and a skull-reconstruction task.",
    "pdf_url": "https://papers.nips.cc/paper_files/paper/2008/file/335f5352088d7d9bf74191e006d8e24c-Paper.pdf",
    "paper_url": "https://papers.nips.cc/paper_files/paper/2008/hash/335f5352088d7d9bf74191e006d8e24c-Abstract.html"
}