{
    "title": "The Noisy-Logical Distribution and its Application to Causal Inference",
    "authors": [
        "Alan L. Yuille",
        "Hongjing Lu"
    ],
    "abstract": "We describe a novel noisy-logical distribution for representing the distribution of a binary output variable conditioned on multiple binary input variables. The distribution is represented in terms of noisy-or's and noisy-and-not's of causal features which are conjunctions of the binary inputs. The standard noisy-or and noisy-and-not models, used in causal reasoning and artificial intelligence, are special cases of the noisy-logical distribution. We prove that the noisy-logical distribution is complete in the sense that it can represent all conditional distributions provided a sufficient number of causal factors are used. We illustrate the noisy-logical distribution by showing that it can account for new experimental findings on how humans perform causal reasoning in more complex contexts. Finally, we speculate on the use of the noisy-logical distribution for causal reasoning and artificial intelligence.",
    "pdf_url": "https://papers.nips.cc/paper_files/paper/2007/file/2291d2ec3b3048d1a6f86c2c4591b7e0-Paper.pdf",
    "paper_url": "https://papers.nips.cc/paper_files/paper/2007/hash/2291d2ec3b3048d1a6f86c2c4591b7e0-Abstract.html"
}