{
    "title": "Toward Provably Correct Feature Selection in Arbitrary Domains",
    "authors": [
        "Dimitris Margaritis"
    ],
    "abstract": "In this paper we address the problem of provably correct feature selection in arbitrary domains.  An optimal solution to the problem is a Markov boundary, which is a minimal set of features that make the probability distribution of a target variable conditionally invariant to the state of all other features in the domain.  While numerous algorithms for this problem have been proposed, their theoretical correctness and practical behavior under arbitrary probability distributions is unclear.  We address this by introducing the Markov Boundary Theorem that precisely characterizes the properties of an ideal Markov boundary, and use it to develop algorithms that learn a more general boundary that can capture complex interactions that only appear when the values of multiple features are considered together.  We introduce two algorithms: an exact, provably correct one as well a more practical randomized anytime version, and show that they perform well on artificial as well as benchmark and real-world data sets.  Throughout the paper we make minimal assumptions that consist of only a general set of axioms that hold for every probability distribution, which gives these algorithms universal applicability.",
    "pdf_url": "https://papers.nips.cc/paper_files/paper/2009/file/6da37dd3139aa4d9aa55b8d237ec5d4a-Paper.pdf",
    "paper_url": "https://papers.nips.cc/paper_files/paper/2009/hash/6da37dd3139aa4d9aa55b8d237ec5d4a-Abstract.html"
}