{
    "title": "Transduction with Matrix Completion: Three Birds with One Stone",
    "authors": [
        "Andrew Goldberg",
        "Ben Recht",
        "Junming Xu",
        "Robert Nowak",
        "Jerry Zhu"
    ],
    "abstract": "We pose transductive classification as a matrix completion problem. By assuming the underlying matrix has a low rank, our formulation is able to handle three problems simultaneously: i) multi-label learning, where each item has more than one label, ii) transduction, where most of these labels are unspecified, and iii) missing data, where a large number of features are missing. We obtained satisfactory results on several real-world tasks, suggesting that the low rank assumption may not be as restrictive as it seems. Our method allows for different loss functions to apply on the feature and label entries of the matrix. The resulting nuclear norm minimization problem is solved with a modified fixed-point continuation method that is guaranteed to find the global optimum.",
    "pdf_url": "https://papers.nips.cc/paper_files/paper/2010/file/06409663226af2f3114485aa4e0a23b4-Paper.pdf",
    "paper_url": "https://papers.nips.cc/paper_files/paper/2010/hash/06409663226af2f3114485aa4e0a23b4-Abstract.html"
}