{
    "title": "Ultrafast Monte Carlo for Statistical Summations",
    "authors": [
        "Charles Isbell",
        "Michael Holmes",
        "Alexander Gray"
    ],
    "abstract": "Machine learning contains many computational bottlenecks in the form of nested summations over datasets. Kernel estimators and other methods are burdened by these expensive computations. Exact evaluation is typically O(n2 ) or higher, which severely limits application to large datasets. We present a multi-stage stratified Monte Carlo method for approximating such summations with probabilistic relative error control. The essential idea is fast approximation by sampling in trees. This method differs from many previous scalability techniques (such as standard multi-tree methods) in that its error is stochastic, but we derive conditions for error control and demonstrate that they work. Further, we give a theoretical sample complexity for the method that is independent of dataset size, and show that this appears to hold in experiments, where speedups reach as high as 1014 , many orders of magnitude beyond the previous state of the art.",
    "pdf_url": "https://papers.nips.cc/paper_files/paper/2007/file/5e6d27a7a8a8330df4b53240737ccc85-Paper.pdf",
    "paper_url": "https://papers.nips.cc/paper_files/paper/2007/hash/5e6d27a7a8a8330df4b53240737ccc85-Abstract.html"
}