{
    "title": "Unconstrained On-line Handwriting Recognition with Recurrent Neural Networks",
    "authors": [
        "Alex Graves",
        "Marcus Liwicki",
        "Horst Bunke",
        "J\u00fcrgen Schmidhuber",
        "Santiago Fern\u00e1ndez"
    ],
    "abstract": "On-line handwriting recognition is unusual among sequence labelling tasks in that the underlying generator of the observed data, i.e. the movement of the pen, is recorded directly. However, the raw data can be difficult to interpret because each letter is spread over many pen locations. As a consequence, sophisticated pre-processing is required to obtain inputs suitable for conventional sequence labelling algorithms, such as HMMs. In this paper we describe a system capable of directly transcribing raw on-line handwriting data. The system consists of a recurrent neural network trained for sequence labelling, combined with a probabilistic language model. In experiments on an unconstrained on-line database, we record excellent results using either raw or pre-processed data, well outperforming a benchmark HMM in both cases.",
    "pdf_url": "https://papers.nips.cc/paper_files/paper/2007/file/4b0250793549726d5c1ea3906726ebfe-Paper.pdf",
    "paper_url": "https://papers.nips.cc/paper_files/paper/2007/hash/4b0250793549726d5c1ea3906726ebfe-Abstract.html"
}