{
    "title": "Universal Consistency of Multi-Class Support Vector Classification",
    "authors": [
        "Tobias Glasmachers"
    ],
    "abstract": "Steinwart was the \ufb01rst to prove universal consistency of support vector machine  classi\ufb01cation. His proof analyzed the \u2018standard\u2019 support vector machine classi\ufb01er,  which is restricted to binary classi\ufb01cation problems. In contrast, recent analysis  has resulted in the common belief that several extensions of SVM classi\ufb01cation to  more than two classes are inconsistent.  Countering this belief, we proof the universal consistency of the multi-class support vector machine by Crammer and Singer. Our proof extends Steinwart\u2019s techniques to the multi-class case.",
    "pdf_url": "https://papers.nips.cc/paper_files/paper/2010/file/182be0c5cdcd5072bb1864cdee4d3d6e-Paper.pdf",
    "paper_url": "https://papers.nips.cc/paper_files/paper/2010/hash/182be0c5cdcd5072bb1864cdee4d3d6e-Abstract.html"
}