{
    "title": "Variational Inference over Combinatorial Spaces",
    "authors": [
        "Alexandre Bouchard-c\u00f4t\u00e9",
        "Michael Jordan"
    ],
    "abstract": "Since the discovery of sophisticated fully polynomial randomized algorithms for a range of #P problems (Karzanov et al., 1991; Jerrum et al., 2001; Wilson, 2004), theoretical work on approximate inference in combinatorial spaces has focused on Markov chain Monte Carlo methods.  Despite their strong theoretical guarantees, the slow running time of many of these randomized algorithms and the restrictive assumptions on the potentials have hindered the applicability of these algorithms to machine learning.  Because of this, in applications to combinatorial spaces simple exact models are often preferred to more complex models that require approximate inference (Siepel et al., 2004).   Variational inference would appear to provide an appealing alternative, given the success of variational methods for graphical models (Wainwright et al., 2008); unfortunately, however, it is not obvious how to develop variational approximations for combinatorial objects such as matchings, partial orders, plane partitions and sequence alignments.   We propose a new framework that extends variational inference to a wide range of combinatorial spaces.  Our method is based on a simple assumption: the existence of a tractable measure factorization, which we show holds in many examples. Simulations on a range of matching models show that the algorithm is more general and empirically faster than a popular fully polynomial randomized algorithm.   We also apply the framework to the problem of multiple alignment of protein sequences, obtaining state-of-the-art results on the BAliBASE dataset (Thompson et al., 1999).",
    "pdf_url": "https://papers.nips.cc/paper_files/paper/2010/file/cb70ab375662576bd1ac5aaf16b3fca4-Paper.pdf",
    "paper_url": "https://papers.nips.cc/paper_files/paper/2010/hash/cb70ab375662576bd1ac5aaf16b3fca4-Abstract.html"
}