{
    "title": "Variational Mixture of Gaussian Process Experts",
    "authors": [
        "Chao Yuan",
        "Claus Neubauer"
    ],
    "abstract": "Mixture of Gaussian processes models extended a single Gaussian process with ability of modeling multi-modal data and reduction of training complexity. Previous inference algorithms for these models are mostly based on Gibbs sampling, which can be very slow, particularly for large-scale data sets. We present a new generative mixture of experts model. Each expert is still a Gaussian process but is reformulated by a linear model. This breaks the dependency among training outputs and enables us to use a much faster variational Bayesian algorithm for training. Our gating network is more flexible than previous generative approaches as inputs for each expert are modeled by a Gaussian mixture model. The number of experts and number of Gaussian components for an expert are inferred automatically. A variety of tests show the advantages of our method.",
    "pdf_url": "https://papers.nips.cc/paper_files/paper/2008/file/f4b9ec30ad9f68f89b29639786cb62ef-Paper.pdf",
    "paper_url": "https://papers.nips.cc/paper_files/paper/2008/hash/f4b9ec30ad9f68f89b29639786cb62ef-Abstract.html"
}