{
    "title": "Variance Penalizing AdaBoost",
    "authors": [
        "Pannagadatta Shivaswamy",
        "Tony Jebara"
    ],
    "abstract": "This paper proposes a novel boosting algorithm called VadaBoost which is motivated by recent empirical Bernstein bounds.  VadaBoost iteratively minimizes a cost function that balances the sample mean and the sample variance of the exponential loss. Each step of the proposed algorithm minimizes the cost efficiently by providing weighted data to a weak learner rather than requiring a brute force evaluation of all possible weak learners. Thus, the proposed algorithm solves a key limitation of previous empirical Bernstein boosting methods which required brute force enumeration of all possible weak learners. Experimental results confirm that the new algorithm achieves the performance improvements of EBBoost yet goes beyond decision stumps to handle any weak learner. Significant performance gains are obtained over AdaBoost for arbitrary weak learners including decision trees (CART).",
    "pdf_url": "https://papers.nips.cc/paper_files/paper/2011/file/46072631582fc240dd2674a7d063b040-Paper.pdf",
    "paper_url": "https://papers.nips.cc/paper_files/paper/2011/hash/46072631582fc240dd2674a7d063b040-Abstract.html"
}